=====================================================================
== C:\SteamLibrary\steamapps\common\Arma 3\Arma3_x64.exe
== "C:\SteamLibrary\steamapps\common\Arma 3\Arma3_x64.exe" -noSplash -enableHT -malloc=tbb4malloc_bi_x64 -hugePages -maxmem=12000 -noPauseAudio -noLand -showScriptErrors -debug "-mod=C:\SteamLibrary\steamapps\common\Arma 3\!Workshop\@Advanced Developer Tools;C:\SteamLibrary\steamapps\common\Arma 3\!Workshop\@CBA_A3;C:\SteamLibrary\steamapps\common\Arma 3\!Workshop\@CUP Weapons;C:\SteamLibrary\steamapps\common\Arma 3\!Workshop\@CUP Terrains - Core;C:\SteamLibrary\steamapps\common\Arma 3\!Workshop\@CUP Units;C:\SteamLibrary\steamapps\common\Arma 3\!Workshop\@CUP Vehicles;C:\SteamLibrary\steamapps\common\Arma 3\!Workshop\@Antistasi Ultimate - Mod;C:\SteamLibrary\steamapps\common\Arma 3\!Workshop\@ace;C:\SteamLibrary\steamapps\common\Arma 3\!Workshop\@Max Women Soldiers;C:\SteamLibrary\steamapps\common\Arma 3\!Workshop\@Enhanced Movement;C:\SteamLibrary\steamapps\common\Arma 3\!Workshop\@Zeus Enhanced;C:\SteamLibrary\steamapps\common\Arma 3\!Workshop\@Death and Hit reactions;C:\SteamLibrary\steamapps\common\Arma 3\!Workshop\@Interiors for CUP;C:\SteamLibrary\steamapps\common\Arma 3\!Workshop\@A3UE BLN Rebel faction;C:\SteamLibrary\steamapps\common\Arma 3\!Workshop\@BRAF - Brazilian Armed Forces A3;C:\SteamLibrary\steamapps\common\Arma 3\!Workshop\@Toyota's Of War (Core);C:\SteamLibrary\steamapps\common\Arma 3\!Workshop\@Toyota's Of War (2016 Hilux);C:\SteamLibrary\steamapps\common\Arma 3\!Workshop\@Cytech Gamemode Vehicles;C:\SteamLibrary\steamapps\common\Arma 3\!Workshop\@JSRS SOUNDMOD 2025 Beta - RC2.2;C:\SteamLibrary\steamapps\common\Arma 3\!Workshop\@JSRS SOUNDMOD 2025 Beta - AiO Compat Files RC2.2;C:\SteamLibrary\steamapps\common\Arma 3\!Workshop\@Enhanced Movement Rework;C:\SteamLibrary\steamapps\common\Arma 3\!Workshop\@Better Inventory;C:\SteamLibrary\steamapps\common\Arma 3\!Workshop\@Hide Among The Grass - HATG;C:\SteamLibrary\steamapps\common\Arma 3\!Workshop\@Gruppe Adler Trenches;C:\SteamLibrary\steamapps\common\Arma 3\!Workshop\@Go Go Go & Move=====================================================================

23:26:47 Detected number of DLCs: 23
23:26:47 ---------------------------------------------------------- Game ----------------------------------------------------------
23:26:47                                                                name      appId   owned  installed  available   isDlc
23:26:47                                                              Arma 3     107410     yes        yes        yes      no
23:26:47                                                             Unknown         -1      no         no         no     yes
23:26:47 ---------------------------------------------------------- Dlcs ----------------------------------------------------------
23:26:47  index                                                         name      appId   owned  installed  available   isDlc
23:26:47      0                                                  Arma 3 Maps     249861      no         no         no     yes
23:26:47      1                                        Arma 3 Tactical Guide     249862      no         no         no     yes
23:26:47      2                                                  Arma 3 Zeus     275700     yes        yes        yes     yes
23:26:47      3                                                 Arma 3 Karts     288520      no         no        yes     yes
23:26:47      4                                           Arma 3 Helicopters     304380      no         no        yes     yes
23:26:47      5                                          Arma 3 DLC Bundle 1     304400      no         no         no     yes
23:26:47      6                                              Arma 3 Marksmen     332350      no         no        yes     yes
23:26:47      7                                                  Arma 3 Apex     395180      no         no        yes     yes
23:26:47      8                                           Arma 3 Laws of War     571710      no         no        yes     yes
23:26:47      9                                                  Arma 3 Jets     601670      no         no        yes     yes
23:26:47     10                                          Arma 3 DLC Bundle 2     612480      no         no         no     yes
23:26:47     11                                                Arma 3 Malden     639600     yes        yes        yes     yes
23:26:47     12                                  Arma 3 Tac-Ops Mission Pack     744950      no         no        yes     yes
23:26:47     13                                                 Arma 3 Tanks     798390      no         no        yes     yes
23:26:47     14                                               Arma 3 Contact    1021790      no         no        yes     yes
23:26:47     15   Arma 3 Creator DLC: Global Mobilization - Cold War Germany    1042220      no         no        yes     yes
23:26:47     16                           Arma 3 Creator DLC: Spearhead 1944    1175380      no         no        yes     yes
23:26:47     17                      Arma 3 Creator DLC: S.O.G. Prairie Fire    1227700      no         no        yes     yes
23:26:47     18                        Arma 3 Creator DLC: CSLA Iron Curtain    1294440      no         no        yes     yes
23:26:47     19                                            Arma 3 Art of War    1325500     yes        yes        yes     yes
23:26:47     20                           Arma 3 Creator DLC: Western Sahara    1681170      no         no        yes     yes
23:26:47     21                          Arma 3 Creator DLC: Reaction Forces    2647760      no         no        yes     yes
23:26:47     22                     Arma 3 Creator DLC: Expeditionary Forces    2647830      no         no        yes     yes
23:26:47 --------------------------------------------------------------------------------------------------------------------------
23:26:48 String STR_Ibr_GO_name not found
23:26:48 String STR_Ibr_GO_name not found
23:26:51 Initializing stats manager.
23:26:51 sessionID: 22fb485bfe81782ff290edb5bd81984e41d3080d
23:27:08 Unsupported language English in stringtable
23:27:08  ➥ Context: ibragim_gogogo_mode\stringtable.xml
23:27:08 Unsupported language English in stringtable
23:27:08  ➥ Context: z\hatg\addons\gui\stringtable.xml
23:27:08 Item STR_braf_army_aviation listed twice
23:27:08  ➥ Context: braf\braf_characters_army\stringtable.xml
23:27:08 Item STR_BRAF_ARMY_GROUP_2000 listed twice
23:27:08  ➥ Context: braf\braf_characters_army\stringtable.xml
23:27:08 Item STR_Braf_Braf_AmmoBox50 listed twice
23:27:08  ➥ Context: braf\braf_characters_army\stringtable.xml
23:27:08 Item STR_braf_soft_am21_repair_description listed twice
23:27:08  ➥ Context: braf\braf_soft\stringtable.xml
23:27:08 Unexpected stringtable format inside <Text ID="STR_braf_soft_useraction_opencargodoor"><English>
23:27:08 Unexpected stringtable format inside <Text ID="STR_braf_soft_useraction_opencargodoor"><Portuguese>
23:27:08 Unexpected stringtable format inside <Text ID="STR_braf_soft_useraction_closecargodoor"><English>
23:27:08 Unexpected stringtable format inside <Text ID="STR_braf_soft_useraction_closecargodoor"><Portuguese>
23:27:08 Unexpected stringtable format inside <Text ID="STR_braf_soft_useraction_foldshield"><English>
23:27:08 Unexpected stringtable format inside <Text ID="STR_braf_soft_useraction_foldshield"><Portuguese>
23:27:08 Unexpected stringtable format inside <Text ID="STR_braf_soft_useraction_unfoldshield"><English>
23:27:08 Unexpected stringtable format inside <Text ID="STR_braf_soft_useraction_unfoldshield"><Portuguese>
23:27:08 Unexpected stringtable format inside <Text ID="STR_braf_soft_useraction_foldwindshield"><English>
23:27:08 Unexpected stringtable format inside <Text ID="STR_braf_soft_useraction_foldwindshield"><Portuguese>
23:27:08 Unexpected stringtable format inside <Text ID="STR_braf_soft_useraction_unfoldwindshield"><English>
23:27:08 Unexpected stringtable format inside <Text ID="STR_braf_soft_useraction_unfoldwindshield"><Portuguese>
23:27:08 Unexpected stringtable format inside <Text ID="STR_braf_soft_useraction_unhidewindshieldcamonet"><English>
23:27:08 Unexpected stringtable format inside <Text ID="STR_braf_soft_useraction_unhidewindshieldcamonet"><Portuguese>
23:27:08 Unexpected stringtable format inside <Text ID="STR_braf_soft_useraction_hidewindshieldcamonet"><English>
23:27:08 Unexpected stringtable format inside <Text ID="STR_braf_soft_useraction_hidewindshieldcamonet"><Portuguese>
23:27:08 Unexpected stringtable format inside <Text ID="STR_braf_soft_useraction_doorhide"><English>
23:27:08 Unexpected stringtable format inside <Text ID="STR_braf_soft_useraction_doorhide"><Portuguese>
23:27:08 Unexpected stringtable format inside <Text ID="STR_braf_soft_useraction_doorunhide"><English>
23:27:08 Unexpected stringtable format inside <Text ID="STR_braf_soft_useraction_doorunhide"><Portuguese>
23:27:08 Unexpected stringtable format inside <Text ID="STR_braf_soft_useraction_removecanvascover"><English>
23:27:08 Unexpected stringtable format inside <Text ID="STR_braf_soft_useraction_removecanvascover"><Portuguese>
23:27:08 Unexpected stringtable format inside <Text ID="STR_braf_soft_useraction_equipcanvascover"><English>
23:27:08 Unexpected stringtable format inside <Text ID="STR_braf_soft_useraction_equipcanvascover"><Portuguese>
23:27:08 Unexpected stringtable format inside <Text ID="STR_braf_soft_useraction_leftdoorhide"><English>
23:27:08 Unexpected stringtable format inside <Text ID="STR_braf_soft_useraction_leftdoorhide"><Portuguese>
23:27:08 Unexpected stringtable format inside <Text ID="STR_braf_soft_useraction_leftdoorunhide"><English>
23:27:08 Unexpected stringtable format inside <Text ID="STR_braf_soft_useraction_leftdoorunhide"><Portuguese>
23:27:08 Unexpected stringtable format inside <Text ID="STR_braf_soft_useraction_rightdoorhide"><English>
23:27:08 Unexpected stringtable format inside <Text ID="STR_braf_soft_useraction_rightdoorhide"><Portuguese>
23:27:08 Unexpected stringtable format inside <Text ID="STR_braf_soft_useraction_rightdoorunhide"><English>
23:27:08 Unexpected stringtable format inside <Text ID="STR_braf_soft_useraction_rightdoorunhide"><Portuguese>
23:27:08 Unsupported language English in stringtable
23:27:08  ➥ Context: braf\braf_soft\stringtable.xml
23:27:08 Item STR_braf_static_M2_lowtripod_description listed twice
23:27:08  ➥ Context: braf\braf_static\stringtable.xml
23:27:08 Item STR_braf_weapons_attach_anpeq15_displayname listed twice
23:27:08  ➥ Context: braf\braf_weapons_muzzle\stringtable.xml
23:27:08 Item STR_braf_weapons_attach_anpeq15_green_displayname listed twice
23:27:08  ➥ Context: braf\braf_weapons_muzzle\stringtable.xml
23:27:08 Item STR_braf_weapons_attach_anpeq15_tan_displayname listed twice
23:27:08  ➥ Context: braf\braf_weapons_muzzle\stringtable.xml
23:27:08 Item STR_braf_weapons_attach_anpeq15_painted_displayname listed twice
23:27:08  ➥ Context: braf\braf_weapons_muzzle\stringtable.xml
23:27:08 Item STR_braf_weapons_attach_anpeq15_desc listed twice
23:27:08  ➥ Context: braf\braf_weapons_muzzle\stringtable.xml
23:27:08 Item STR_braf_weapons_attach_fal_bayonet_desc listed twice
23:27:08  ➥ Context: braf\braf_weapons_muzzle\stringtable.xml
23:27:08 Item STR_braf_weapons_attach_anpeq15_descUser listed twice
23:27:08  ➥ Context: braf\braf_weapons_muzzle\stringtable.xml
23:27:08 Item STR_braf_weapons_attach_anpeq15_descShort listed twice
23:27:08  ➥ Context: braf\braf_weapons_muzzle\stringtable.xml
23:27:08 Item STR_braf_weapons_attach_anpeq15_laserHint listed twice
23:27:08  ➥ Context: braf\braf_weapons_muzzle\stringtable.xml
23:27:08 Item STR_braf_weapons_attach_anpeq15_flashlightHint listed twice
23:27:08  ➥ Context: braf\braf_weapons_muzzle\stringtable.xml
23:27:09 Unsupported language English in stringtable
23:27:09  ➥ Context: x\A3A\addons\core\stringtable.xml
23:27:09 Unsupported language English in stringtable
23:27:09  ➥ Context: x\A3A\addons\garage\stringtable.xml
23:27:09 Unsupported language English in stringtable
23:27:09  ➥ Context: x\A3A\addons\gui\stringtable.xml
23:27:09 Item STR_A3AU_JCA_ARSENAL listed twice
23:27:09  ➥ Context: x\A3A\addons\hals\stringtable.xml
23:27:09 Unsupported language English in stringtable
23:27:09  ➥ Context: x\A3A\addons\hals\stringtable.xml
23:27:09 Unsupported language English in stringtable
23:27:09  ➥ Context: x\A3A\addons\jeroen_arsenal\stringtable.xml
23:27:09 Unsupported language English in stringtable
23:27:09  ➥ Context: x\A3A\addons\maps\stringtable.xml
23:27:09 Unsupported language English in stringtable
23:27:09  ➥ Context: x\A3A\addons\scrt\stringtable.xml
23:27:09 Unsupported language English in stringtable
23:27:09  ➥ Context: x\A3A\addons\ultimate\stringtable.xml
23:27:10 Unsupported language English in stringtable
23:27:10  ➥ Context: ca\language\stringtable.xml
23:27:13 Unsupported language English in stringtable
23:27:13  ➥ Context: CUP\Terrains\cup_terrains_compositions\stringtable.xml
23:27:13 Unsupported language English in stringtable
23:27:13  ➥ Context: CUP\Terrains\cup_terrains_music\stringtable.xml
23:27:13 Item STR_DBUG_FILE listed twice
23:27:13  ➥ Context: DBUG\stringtable.xml
23:27:19 File DCE\Menus\AttachMenu.hpp, line 78: '/dce_AttachDialog/controls/dce_ListGroupsB.x': Missing ';' at the end of line
23:27:22 Cannot find base DestructionEffects for z\LSR\addons\contact_in_cup_aesthetics_c\config.bin/CfgVehicles/Land_Barn_W_01/DestructionEffects/
23:27:22 Cannot find base DestructionEffects for z\LSR\addons\contact_in_cup_aesthetics_c\config.bin/CfgVehicles/Land_Barn_W_02/DestructionEffects/
23:27:22 Cannot find base DestructionEffects for z\LSR\addons\contact_in_cup_aesthetics_c\config.bin/CfgVehicles/Land_Stodola_open/DestructionEffects/
23:27:22 Cannot find base DestructionEffects for z\LSR\addons\patch_contact_in_cup_c\config.bin/CfgVehicles/Land_HouseV_2I/DestructionEffects/
23:27:22 Cannot find base DestructionEffects for z\LSR\addons\patch_contact_in_cup_c\config.bin/CfgVehicles/Land_HouseV_2L/DestructionEffects/
23:27:22 Cannot find base DestructionEffects for z\LSR\addons\patch_contact_in_cup_c\config.bin/CfgVehicles/Land_HouseV2_02/DestructionEffects/
23:27:22 Cannot find base DestructionEffects for z\LSR\addons\patch_contact_in_cup_c\config.bin/CfgVehicles/Land_HouseV2_03B/DestructionEffects/
23:27:22 Cannot find base DestructionEffects for z\LSR\addons\patch_contact_in_cup_c\config.bin/CfgVehicles/Land_HouseV2_04_interier/DestructionEffects/
23:27:22 Cannot find base DestructionEffects for z\LSR\addons\patch_contact_in_cup_c\config.bin/CfgVehicles/Land_HouseV_1I1/DestructionEffects/
23:27:22 Cannot find base DestructionEffects for z\LSR\addons\patch_contact_in_cup_c\config.bin/CfgVehicles/Land_HouseV_3I3/DestructionEffects/
23:27:22 Cannot find base DestructionEffects for z\LSR\addons\patch_contact_in_cup_c\config.bin/CfgVehicles/Land_HouseV_3I4/DestructionEffects/
23:27:22 Cannot find base DestructionEffects for z\LSR\addons\patch_contact_in_cup_c\config.bin/CfgVehicles/Land_HouseV_1I2/DestructionEffects/
23:27:22 Cannot find base DestructionEffects for z\LSR\addons\patch_contact_in_cup_c\config.bin/CfgVehicles/Land_HouseV_1I3/DestructionEffects/
23:27:22 Cannot find base DestructionEffects for z\LSR\addons\patch_contact_in_cup_c\config.bin/CfgVehicles/Land_HouseV_1I4/DestructionEffects/
23:27:22 Cannot find base DestructionEffects for z\LSR\addons\patch_contact_in_cup_c\config.bin/CfgVehicles/Land_HouseV_1L1/DestructionEffects/
23:27:22 Cannot find base DestructionEffects for z\LSR\addons\patch_contact_in_cup_c\config.bin/CfgVehicles/Land_HouseV_1L2/DestructionEffects/
23:27:22 Cannot find base DestructionEffects for z\LSR\addons\patch_contact_in_cup_c\config.bin/CfgVehicles/Land_HouseV_1T/DestructionEffects/
23:27:22 Cannot find base DestructionEffects for z\LSR\addons\patch_contact_in_cup_c\config.bin/CfgVehicles/Land_HouseV_3I1/DestructionEffects/
23:27:22 Cannot find base DestructionEffects for z\LSR\addons\patch_contact_in_cup_c\config.bin/CfgVehicles/Land_HouseV_3I2/DestructionEffects/
23:27:22 Cannot find base DestructionEffects for z\LSR\addons\patch_contact_in_cup_c\config.bin/CfgVehicles/Land_houseV_2T1/DestructionEffects/
23:27:22 Cannot find base DestructionEffects for z\LSR\addons\patch_contact_in_cup_c\config.bin/CfgVehicles/Land_houseV_2T2/DestructionEffects/
23:27:22 Cannot find base DestructionEffects for z\LSR\addons\patch_contact_in_cup_c\config.bin/CfgVehicles/Land_HouseV2_01A/DestructionEffects/
23:27:22 Cannot find base DestructionEffects for z\LSR\addons\patch_contact_in_cup_c\config.bin/CfgVehicles/Land_HouseV2_01B/DestructionEffects/
23:27:22 Cannot find base DestructionEffects for z\LSR\addons\patch_contact_in_cup_c\config.bin/CfgVehicles/Land_Mil_Guardhouse_no_interior_CUP/DestructionEffects/
23:27:22 Cannot find base DestructionEffects for z\LSR\addons\patch_contact_in_cup_c\config.bin/CfgVehicles/Land_Mil_Guardhouse_no_interior_EP1_CUP/DestructionEffects/
23:27:22 Cannot find base DestructionEffects for z\LSR\addons\patch_contact_in_cup_c\config.bin/CfgVehicles/Land_Misc_WaterStation/DestructionEffects/
23:27:23 Conflicting addon A3A_config_fixes_SPE in 'x\A3A\addons\config_fixes\spe\', previous definition in 'x\A3A\addons\config_fixes\spex\'
23:27:23 Conflicting addon A3A_config_fixes_CSLA in 'x\A3A\addons\config_fixes\csla\', previous definition in 'x\A3A\addons\config_fixes\gm\'
23:27:42 Skipped loading of addon 'jsrs_soundmod_2025_Beta_3cb_baf_vehicles' as required addon 'UK3CB_factions_weapons' is not present
23:27:42 Skipped loading of addon 'jsrs_soundmod_2025_Beta_3cb_BAF_weapons' as required addon 'uk3cb_baf_weapons_Ammo' is not present
23:27:42 Skipped loading of addon 'jsrs_soundmod_2025_Beta_3cb_factions' as required addon 'rhs_weapon_sounds' is not present
23:27:42 Skipped loading of addon 'jsrs_soundmod_2025_Beta_aegis' as required addon 'A3_Aegis_Sounds_F_Aegis' is not present
23:27:42 Skipped loading of addon 'jsrs_soundmod_2025_Beta_aegis_atlas' as required addon 'A3_Atlas_Sounds_F_Atlas' is not present
23:27:42 Skipped loading of addon 'jsrs_soundmod_2025_Beta_aegis_opf' as required addon 'A3_Opf_Sounds_F_Opf' is not present
23:27:42 Skipped loading of addon 'jsrs_soundmod_2025_Beta_CSLA' as required addon 'csla_weapons' is not present
23:27:42 Skipped loading of addon 'jsrs_soundmod_2025_Beta_gm' as required addon 'gm_weapons_launchers_milan_gm_ge_army_milan' is not present
23:27:42 Skipped loading of addon 'jsrs_soundmod_2025_Beta_jca' as required addon 'Sounds_F_JCA_IA' is not present
23:27:42 Skipped loading of addon 'jsrs_soundmod_2025_Beta_jca_m320' as required addon 'weapons_f_JCA_LRR_LongRangeRifles_M320' is not present
23:27:42 Skipped loading of addon 'jsrs_soundmod_2025_Beta_niarms_arsenal_weapons' as required addon 'hlcweapons_core' is not present
23:27:42 Skipped loading of addon 'jsrs_soundmod_2025_Beta_rf' as required addon 'RF_Weapons' is not present
23:27:42 Skipped loading of addon 'jsrs_soundmod_2025_Beta_rhs_afrf_weapons' as required addon 'rhs_c_weapons' is not present
23:27:42 Skipped loading of addon 'jsrs_soundmod_2025_Beta_rhs_gref_weapons' as required addon 'rhs_c_weapons' is not present
23:27:42 Skipped loading of addon 'jsrs_soundmod_2025_Beta_rhs_saf_weapons' as required addon 'rhssaf_c_weapons' is not present
23:27:42 Skipped loading of addon 'jsrs_soundmod_2025_Beta_rhs_usf_weapons' as required addon 'rhsusf_c_weapons' is not present
23:27:42 Skipped loading of addon 'jsrs_soundmod_2025_Beta_ws' as required addon 'weapons_f_lxws' is not present
23:27:42 Skipped loading of addon 'A3A_config_fixes_3CBF' as required addon 'UK3CB_Factions_AAF_B' is not present
23:27:42 Skipped loading of addon 'A3A_config_fixes_CSLA' as required addon 'CSLA_CIV' is not present
23:27:43 Skipped loading of addon 'A3A_config_fixes_CSLA' as required addon 'gm_vehicles_land_wheeled_w123_ge_civ_w123' is not present
23:27:43 Skipped loading of addon 'A3A_config_fixes_IFA' as required addon 'IFA3_Core' is not present
23:27:43 Skipped loading of addon 'A3A_config_fixes_RF' as required addon 'RF_Vehicles' is not present
23:27:43 Skipped loading of addon 'A3A_config_fixes_SOG' as required addon 'wheeled_f_vietnam_02_c' is not present
23:27:43 Skipped loading of addon 'A3A_config_fixes_SOG_NK' as required addon 'air_f_vietnam_04' is not present
23:27:43 Skipped loading of addon 'A3A_config_fixes_SPE' as required addon 'ww2_spe_assets_c_characters_germans_c' is not present
23:27:43 Skipped loading of addon 'A3A_config_fixes_SPE' as required addon 'ww2_spex_assets_c_characters_americans_c' is not present
23:27:43 Skipped loading of addon 'A3A_config_fixes_WS' as required addon 'Vehicles_F_lxWS' is not present
23:27:43 Skipped loading of addon 'cba_jam_csla' as required addon 'CSLA' is not present
23:27:43 Skipped loading of addon 'cba_jam_gm' as required addon 'gm_weapons_launchers_carlgustaf' is not present
23:27:43 Skipped loading of addon 'cba_jam_spe' as required addon 'WW2_SPE_Core_c_ZZZ_LastLoaded_c' is not present
23:27:43 Skipped loading of addon 'cba_jam_vn' as required addon 'loadorder_f_vietnam' is not present
23:27:43 Skipped loading of addon 'cba_jam_ws' as required addon 'data_f_lxWS_Loadorder' is not present
23:27:43 Skipped loading of addon 'cba_jr_gm' as required addon 'gm_weapons_attachments_optics_feroz24' is not present
23:27:43 Skipped loading of addon 'cba_xeh_contact' as required addon 'A3_Data_F_Contact' is not present
23:27:43 Skipped loading of addon 'cba_xeh_csla' as required addon 'CSLA' is not present
23:27:43 Skipped loading of addon 'cba_xeh_sog' as required addon 'loadorder_f_vietnam' is not present
23:27:43 Skipped loading of addon 'cba_xeh_ws' as required addon 'data_f_lxWS' is not present
23:27:43 Skipped loading of addon 'ace_compat_aegis_hearing' as required addon 'A3_Aegis_Characters_F_Aegis_Headgear' is not present
23:27:43 Skipped loading of addon 'ace_compat_aegis_realisticnames' as required addon 'A3_Aegis_Armor_F_Aegis_APC_Wheeled_01' is not present
23:27:43 Skipped loading of addon 'ace_compat_aegis_vehicles' as required addon 'A3_Aegis_Armor_F_Aegis_MBT_01' is not present
23:27:43 Skipped loading of addon 'ace_compat_csla' as required addon 'CSLA' is not present
23:27:43 Skipped loading of addon 'ace_compat_csla_explosives' as required addon 'CSLA' is not present
23:27:43 Skipped loading of addon 'ace_compat_cup_units_nouniformrestrictions' as required addon 'ace_nouniformrestrictions' is not present
23:27:43 Skipped loading of addon 'ace_compat_ef' as required addon 'EF_Weapons' is not present
23:27:43 Skipped loading of addon 'ace_compat_ef_hearing' as required addon 'EF_Weapons' is not present
23:27:43 Skipped loading of addon 'ace_compat_ef_realisticnames' as required addon 'EF_hunter' is not present
23:27:43 Skipped loading of addon 'ace_compat_gm' as required addon 'gm_core' is not present
23:27:43 Skipped loading of addon 'ace_compat_gm_explosives' as required addon 'gm_core' is not present
23:27:43 Skipped loading of addon 'ace_compat_gm_hearing' as required addon 'gm_core' is not present
23:27:43 Skipped loading of addon 'ace_compat_gm_missileguidance' as required addon 'gm_weapons_ammo' is not present
23:27:43 Skipped loading of addon 'ace_compat_gm_refuel' as required addon 'gm_core' is not present
23:27:43 Skipped loading of addon 'ace_compat_gm_repair' as required addon 'gm_core' is not present
23:27:43 Skipped loading of addon 'ace_compat_gm_trenches' as required addon 'gm_core' is not present
23:27:43 Skipped loading of addon 'ace_compat_r3f' as required addon 'r3f_armes_c' is not present
23:27:43 Skipped loading of addon 'ace_compat_rf' as required addon 'RF_Data_Loadorder' is not present
23:27:43 Skipped loading of addon 'ace_compat_rf_nouniformrestrictions' as required addon 'RF_Data_Loadorder' is not present
23:27:43 Skipped loading of addon 'ace_compat_rf_realisticnames' as required addon 'RF_Data_Loadorder' is not present
23:27:43 Skipped loading of addon 'ace_compat_rh_acc' as required addon 'RH_acc' is not present
23:27:43 Skipped loading of addon 'ace_compat_rh_de' as required addon 'RH_de_cfg' is not present
23:27:43 Skipped loading of addon 'ace_compat_rh_m4' as required addon 'RH_m4_cfg' is not present
23:27:43 Skipped loading of addon 'ace_compat_rh_pdw' as required addon 'RH_PDW' is not present
23:27:43 Skipped loading of addon 'ace_compat_rhs_afrf3' as required addon 'rhs_main_loadorder' is not present
23:27:43 Skipped loading of addon 'ace_compat_rhs_afrf3_arsenal' as required addon 'rhs_main_loadorder' is not present
23:27:43 Skipped loading of addon 'ace_compat_rhs_afrf3_csw' as required addon 'rhs_main_loadorder' is not present
23:27:43 Skipped loading of addon 'ace_compat_rhs_afrf3_explosives' as required addon 'rhs_main_loadorder' is not present
23:27:43 Skipped loading of addon 'ace_compat_rhs_afrf3_fastroping' as required addon 'rhs_main_loadorder' is not present
23:27:43 Skipped loading of addon 'ace_compat_rhs_afrf3_hearing' as required addon 'rhs_main_loadorder' is not present
23:27:43 Skipped loading of addon 'ace_compat_rhs_afrf3_missileguidance' as required addon 'rhs_c_airweapons' is not present
23:27:43 Skipped loading of addon 'ace_compat_rhs_afrf3_nightvision' as required addon 'rhs_main_loadorder' is not present
23:27:43 Skipped loading of addon 'ace_compat_rhs_afrf3_refuel' as required addon 'rhs_main_loadorder' is not present
23:27:43 Skipped loading of addon 'ace_compat_rhs_afrf3_repair' as required addon 'rhs_main_loadorder' is not present
23:27:43 Skipped loading of addon 'ace_compat_rhs_afrf3_scopes' as required addon 'rhs_main_loadorder' is not present
23:27:43 Skipped loading of addon 'ace_compat_rhs_gref3' as required addon 'rhsgref_main_loadorder' is not present
23:27:43 Skipped loading of addon 'ace_compat_rhs_gref3_csw' as required addon 'rhsgref_main_loadorder' is not present
23:27:43 Skipped loading of addon 'ace_compat_rhs_gref3_explosives' as required addon 'rhsgref_main_loadorder' is not present
23:27:43 Skipped loading of addon 'ace_compat_rhs_gref3_fastroping' as required addon 'rhsgref_main_loadorder' is not present
23:27:43 Skipped loading of addon 'ace_compat_rhs_saf3' as required addon 'rhssaf_main_loadorder' is not present
23:27:43 Skipped loading of addon 'ace_compat_rhs_saf3_explosives' as required addon 'rhssaf_main_loadorder' is not present
23:27:43 Skipped loading of addon 'ace_compat_rhs_usf3' as required addon 'rhsusf_main_loadorder' is not present
23:27:43 Skipped loading of addon 'ace_compat_rhs_usf3_arsenal' as required addon 'rhsusf_main_loadorder' is not present
23:27:43 Skipped loading of addon 'ace_compat_rhs_usf3_csw' as required addon 'rhsusf_main_loadorder' is not present
23:27:43 Skipped loading of addon 'ace_compat_rhs_usf3_explosives' as required addon 'rhsusf_main_loadorder' is not present
23:27:43 Skipped loading of addon 'ace_compat_rhs_usf3_fastroping' as required addon 'rhsusf_main_loadorder' is not present
23:27:43 Skipped loading of addon 'ace_compat_rhs_usf3_hearing' as required addon 'rhsusf_main_loadorder' is not present
23:27:43 Skipped loading of addon 'ace_compat_rhs_usf3_hellfire' as required addon 'rhsusf_main_loadorder' is not present
23:27:43 Skipped loading of addon 'ace_compat_rhs_usf3_javelin' as required addon 'rhsusf_main_loadorder' is not present
23:27:43 Skipped loading of addon 'ace_compat_rhs_usf3_nightvision' as required addon 'rhsusf_main_loadorder' is not present
23:27:43 Skipped loading of addon 'ace_compat_rhs_usf3_refuel' as required addon 'rhsusf_main_loadorder' is not present
23:27:43 Skipped loading of addon 'ace_compat_rhs_usf3_repair' as required addon 'rhsusf_main_loadorder' is not present
23:27:43 Skipped loading of addon 'ace_compat_rhs_usf3_scopes' as required addon 'rhsusf_main_loadorder' is not present
23:27:43 Skipped loading of addon 'ace_compat_rhs_usf3_trenches' as required addon 'rhsusf_main_loadorder' is not present
23:27:43 Skipped loading of addon 'ace_compat_rksl_pm_ii' as required addon 'RKSL_PMII' is not present
23:27:43 Skipped loading of addon 'ace_compat_sma3_iansky' as required addon 'iansky_opt' is not present
23:27:43 Skipped loading of addon 'ace_compat_sog' as required addon 'loadorder_f_vietnam' is not present
23:27:43 Skipped loading of addon 'ace_compat_sog_hearing' as required addon 'loadorder_f_vietnam' is not present
23:27:43 Skipped loading of addon 'ace_compat_sog_refuel' as required addon 'loadorder_f_vietnam' is not present
23:27:43 Skipped loading of addon 'ace_compat_sog_repair' as required addon 'loadorder_f_vietnam' is not present
23:27:43 Skipped loading of addon 'ace_compat_sog_trenches' as required addon 'loadorder_f_vietnam' is not present
23:27:43 Skipped loading of addon 'ace_compat_sog_trenches_grad' as required addon 'loadorder_f_vietnam' is not present
23:27:43 Skipped loading of addon 'ace_compat_spe' as required addon 'ww2_spe_assets_c_weapons_infantryweapons_c' is not present
23:27:43 Skipped loading of addon 'ace_compat_spe_csw' as required addon 'ww2_spe_assets_c_weapons_infantryweapons_c' is not present
23:27:43 Skipped loading of addon 'ace_compat_spe_explosives' as required addon 'ww2_spe_assets_c_weapons_infantryweapons_c' is not present
23:27:43 Skipped loading of addon 'ace_compat_spe_hearing' as required addon 'ww2_spe_assets_c_weapons_infantryweapons_c' is not present
23:27:43 Skipped loading of addon 'ace_compat_spe_refuel' as required addon 'ww2_spe_assets_c_weapons_infantryweapons_c' is not present
23:27:43 Skipped loading of addon 'ace_compat_spe_repair' as required addon 'ww2_spe_assets_c_weapons_infantryweapons_c' is not present
23:27:43 Skipped loading of addon 'ace_compat_spe_trenches' as required addon 'ww2_spe_assets_c_weapons_infantryweapons_c' is not present
23:27:43 Skipped loading of addon 'ace_compat_ws' as required addon 'data_f_lxWS_Loadorder' is not present
23:27:43 Skipped loading of addon 'ace_compat_ws_nouniformrestrictions' as required addon 'data_f_lxWS_Loadorder' is not present
23:27:43 Skipped loading of addon 'ace_compat_ws_realisticnames' as required addon 'data_f_lxWS_Loadorder' is not present
23:27:43 Skipped loading of addon 'ace_compat_ws_repair' as required addon 'data_f_lxWS_Loadorder' is not present
23:27:43 Skipped loading of addon 'ace_compat_ws_vehicles' as required addon 'data_f_lxWS_Loadorder' is not present
23:27:44 Updating base class ->NonStrategic, by a3\data_f\config.bin/CfgVehicles/HouseBase/ (original a3\data_f\config.bin)
23:27:44 Updating base class ->DestructionEffects, by a3\data_f\config.bin/CfgVehicles/House/DestructionEffects/ (original a3\data_f\config.bin)
23:27:44 Updating base class RscShortcutButton->RscButton, by a3\editor_f\config.bin/RscDisplayEditObject/Controls/B_OK/ (original bin\config.bin)
23:27:44 Updating base class RscSliderH->RscXSliderH, by a3\editor_f\config.bin/RscDisplayEditObject/Slider/ (original bin\config.bin)
23:27:44 Updating base class RscText->RscPicture, by a3\editor_f\config.bin/RscDisplayEditObject/Preview/ (original bin\config.bin)
23:27:44 Updating base class RscShortcutButton->RscButton, by a3\editor_f\config.bin/RscDisplayMissionLoad/Controls/B_OK/ (original bin\config.bin)
23:27:44 Updating base class RscShortcutButton->RscButton, by a3\editor_f\config.bin/RscDisplayMissionSave/Controls/B_OK/ (original bin\config.bin)
23:27:44 Updating base class ->Helipad_base_F, by a3\structures_f\mil\helipads\config.bin/CfgVehicles/Land_HelipadCircle_F/ (original a3\structures_f\mil\helipads\config.bin)
23:27:44 Updating base class ->Helipad_base_F, by a3\structures_f\mil\helipads\config.bin/CfgVehicles/Land_HelipadSquare_F/ (original a3\structures_f\mil\helipads\config.bin)
23:27:44 Updating base class ->EtelkaMonospacePro, by a3\uifonts_f\config.bin/CfgFontFamilies/EtelkaMonospaceProBold/ (original ca\uifonts\config.bin)
23:27:44 Updating base class ->SlotInfo, by braf\braf_weapons_sniper_rifles\762mm_mosquefal\bayonet_mosquefal\config.bin/PointerSlot/ (original braf\braf_weapons_sniper_rifles\762mm_mosquefal\bayonet_mosquefal\config.bin)
23:27:44 Updating base class ->HR_GRG_RscControlsGroup, by x\A3A\addons\garage\config.cpp/RscControlsGroupNoScrollbars/ (original (no unload))
23:27:44 Updating base class ScrollBar->, by x\A3A\addons\gui\config.cpp/RscListNBox/ListScrollBar/ (original (no unload))
23:27:44 Updating base class ScrollBar->, by x\A3A\addons\gui\config.cpp/RscControlsGroup/VScrollbar/ (original bin\config.bin)
23:27:44 Updating base class ScrollBar->, by x\A3A\addons\gui\config.cpp/RscControlsGroup/HScrollbar/ (original bin\config.bin)
23:27:45 Updating base class ->ScrollBar, by a3\ui_f\config.bin/RscControlsGroup/VScrollbar/ (original (no unload))
23:27:45 Updating base class ->ScrollBar, by a3\ui_f\config.bin/RscControlsGroup/HScrollbar/ (original (no unload))
23:27:45 Updating base class HR_GRG_RscControlsGroup->RscControlsGroup, by a3\ui_f\config.bin/RscControlsGroupNoScrollbars/ (original (no unload))
23:27:45 Updating base class VScrollbar->VScrollbar, by a3\ui_f\config.bin/RscControlsGroupNoScrollbars/VScrollbar/ (original (no unload))
23:27:45 Updating base class HScrollbar->HScrollbar, by a3\ui_f\config.bin/RscControlsGroupNoScrollbars/HScrollbar/ (original (no unload))
23:27:45 Updating base class ->RscControlsGroup, by a3\ui_f\config.bin/RscControlsGroupNoHScrollbars/ (original a3\ui_f\config.bin)
23:27:45 Updating base class ->RscControlsGroup, by a3\ui_f\config.bin/RscControlsGroupNoVScrollbars/ (original a3\ui_f\config.bin)
23:27:45 Updating base class ->ScrollBar, by a3\ui_f\config.bin/RscListNBox/ListScrollBar/ (original (no unload))
23:27:45 Updating base class ->RscText, by a3\ui_f\config.bin/RscLine/ (original a3\ui_f\config.bin)
23:27:45 Updating base class ->RscActiveText, by a3\ui_f\config.bin/RscActivePicture/ (original a3\ui_f\config.bin)
23:27:45 Updating base class ->RscButton, by a3\ui_f\config.bin/RscButtonTextOnly/ (original a3\ui_f\config.bin)
23:27:45 Updating base class ->RscShortcutButton, by a3\ui_f\config.bin/RscShortcutButtonMain/ (original a3\ui_f\config.bin)
23:27:45 Updating base class ->RscShortcutButton, by a3\ui_f\config.bin/RscButtonEditor/ (original a3\ui_f\config.bin)
23:27:45 Updating base class ->RscShortcutButton, by a3\ui_f\config.bin/RscIGUIShortcutButton/ (original a3\ui_f\config.bin)
23:27:45 Updating base class ->RscShortcutButton, by a3\ui_f\config.bin/RscGearShortcutButton/ (original a3\ui_f\config.bin)
23:27:45 Updating base class ->RscShortcutButton, by a3\ui_f\config.bin/RscButtonMenu/ (original a3\ui_f\config.bin)
23:27:45 Updating base class ->RscButtonMenu, by a3\ui_f\config.bin/RscButtonMenuOK/ (original a3\ui_f\config.bin)
23:27:45 Updating base class ->RscButtonMenu, by a3\ui_f\config.bin/RscButtonMenuCancel/ (original a3\ui_f\config.bin)
23:27:45 Updating base class ->RscButtonMenu, by a3\ui_f\config.bin/RscButtonMenuSteam/ (original a3\ui_f\config.bin)
23:27:45 Updating base class ->RscText, by a3\ui_f\config.bin/RscLoadingText/ (original a3\ui_f\config.bin)
23:27:45 Updating base class ->RscListBox, by a3\ui_f\config.bin/RscIGUIListBox/ (original a3\ui_f\config.bin)
23:27:45 Updating base class ->RscListNBox, by a3\ui_f\config.bin/RscIGUIListNBox/ (original a3\ui_f\config.bin)
23:27:45 Updating base class ->RscText, by a3\ui_f\config.bin/RscBackground/ (original a3\ui_f\config.bin)
23:27:45 Updating base class ->RscText, by a3\ui_f\config.bin/RscBackgroundGUI/ (original a3\ui_f\config.bin)
23:27:45 Updating base class ->RscPicture, by a3\ui_f\config.bin/RscBackgroundGUILeft/ (original a3\ui_f\config.bin)
23:27:45 Updating base class ->RscPicture, by a3\ui_f\config.bin/RscBackgroundGUIRight/ (original a3\ui_f\config.bin)
23:27:45 Updating base class ->RscPicture, by a3\ui_f\config.bin/RscBackgroundGUIBottom/ (original a3\ui_f\config.bin)
23:27:45 Updating base class ->RscText, by a3\ui_f\config.bin/RscBackgroundGUITop/ (original a3\ui_f\config.bin)
23:27:45 Updating base class ->RscText, by a3\ui_f\config.bin/RscBackgroundGUIDark/ (original a3\ui_f\config.bin)
23:27:45 Updating base class ->RscPictureKeepAspect, by a3\ui_f\config.bin/RscBackgroundLogo/ (original a3\ui_f\config.bin)
23:27:45 Updating base class ->RscMapControl, by a3\ui_f\config.bin/RscMapControlEmpty/ (original a3\ui_f\config.bin)
23:27:45 Updating base class ->RscPicture, by a3\ui_f\config.bin/CA_Mainback/ (original a3\ui_f\config.bin)
23:27:45 Updating base class ->CA_Mainback, by a3\ui_f\config.bin/CA_Back/ (original a3\ui_f\config.bin)
23:27:45 Updating base class ->CA_Mainback, by a3\ui_f\config.bin/CA_Title_Back/ (original a3\ui_f\config.bin)
23:27:45 Updating base class ->CA_Mainback, by a3\ui_f\config.bin/CA_Black_Back/ (original a3\ui_f\config.bin)
23:27:45 Updating base class ->RscTitle, by a3\ui_f\config.bin/CA_Title/ (original a3\ui_f\config.bin)
23:27:45 Updating base class ->RscPictureKeepAspect, by a3\ui_f\config.bin/CA_Logo/ (original a3\ui_f\config.bin)
23:27:45 Updating base class ->CA_Logo, by a3\ui_f\config.bin/CA_Logo_Small/ (original a3\ui_f\config.bin)
23:27:45 Updating base class ->RscButton, by a3\ui_f\config.bin/CA_RscButton/ (original a3\ui_f\config.bin)
23:27:45 Updating base class ->CA_RscButton, by a3\ui_f\config.bin/CA_RscButton_dialog/ (original a3\ui_f\config.bin)
23:27:45 Updating base class ->RscActiveText, by a3\ui_f\config.bin/CA_Ok/ (original a3\ui_f\config.bin)
23:27:45 Updating base class ->RscText, by a3\ui_f\config.bin/CA_Ok_image/ (original a3\ui_f\config.bin)
23:27:45 Updating base class ->RscText, by a3\ui_f\config.bin/CA_Ok_image2/ (original a3\ui_f\config.bin)
23:27:45 Updating base class ->RscText, by a3\ui_f\config.bin/CA_Ok_text/ (original a3\ui_f\config.bin)
23:27:45 Updating base class ->RscPicture, by a3\ui_f\config.bin/RscVignette/ (original a3\ui_f\config.bin)
23:27:45 Updating base class ->RscControlsGroupNoScrollbars, by a3\ui_f\config.bin/RscMapControlTooltip/ (original a3\ui_f\config.bin)
23:27:45 Updating base class RscUnitInfo->RscUnitInfoAirNoWeapon, by a3\ui_f\config.bin/RscInGameUI/RscUnitInfoAir/ (original a3\ui_f\config.bin)
23:27:45 Updating base class RscControlsGroup->RscControlsGroupNoScrollbars, by a3\ui_f\config.bin/RscInGameUI/RscTaskOverview/controls/TaskOverviewAssigned/ (original bin\config.bin)
23:27:45 Updating base class RscShortcutButton->RscButtonMenu, by a3\ui_f\config.bin/RscDisplayDebug/Controls/B_OK/ (original bin\config.bin)
23:27:45 Updating base class RscShortcutButton->RscButtonMenu, by a3\ui_f\config.bin/RscDisplayDebug/Controls/B_Cancel/ (original bin\config.bin)
23:27:45 Updating base class RscShortcutButton->RscButtonMenu, by a3\ui_f\config.bin/RscDisplayDebug/Controls/B_Clear/ (original bin\config.bin)
23:27:45 Updating base class ->RscText, by a3\ui_f\config.bin/RscDisplayCapture/controls/TimeLines/ (original bin\config.bin)
23:27:45 Updating base class RscShortcutButton->RscButtonMenu, by a3\ui_f\config.bin/RscDisplayCapture/controls/ButtonAverages/ (original bin\config.bin)
23:27:45 Updating base class RscShortcutButton->RscButtonMenu, by a3\ui_f\config.bin/RscDisplayCapture/controls/ButtonSavePreviousData/ (original bin\config.bin)
23:27:45 Updating base class RscShortcutButton->RscButtonMenu, by a3\ui_f\config.bin/RscDisplayCapture/controls/ButtonPreviousData/ (original bin\config.bin)
23:27:45 Updating base class RscPicture->RscPictureKeepAspect, by a3\ui_f\config.bin/RscDisplayMain/IconPicture/ (original bin\config.bin)
23:27:45 Updating base class IconPicture->RscPictureKeepAspect, by a3\ui_f\config.bin/RscDisplayMain/DlcOwnedIconPicture/ (original a3\ui_f\config.bin)
23:27:45 Updating base class IconPicture->RscPictureKeepAspect, by a3\ui_f\config.bin/RscDisplayMain/DlcIconPicture/ (original a3\ui_f\config.bin)
23:27:45 Updating base class RscControlsGroup->RscControlsGroupNoScrollbars, by a3\ui_f\config.bin/RscDisplayCampaignLoad/controls/OverviewGroup/ (original bin\config.bin)
23:27:45 Updating base class RscButton->RscButtonSearch, by a3\ui_f\config.bin/RscDisplayCampaignLoad/controls/SearchButton/ (original bin\config.bin)
23:27:45 Updating base class RscShortcutButton->RscButtonMenuCancel, by a3\ui_f\config.bin/RscDisplayCampaignLoad/controls/ButtonCancel/ (original bin\config.bin)
23:27:45 Updating base class RscShortcutButton->RscButtonMenu, by a3\ui_f\config.bin/RscDisplayCampaignLoad/controls/ButtonGameOptions/ (original bin\config.bin)
23:27:45 Updating base class RscShortcutButton->RscButtonMenuSteam, by a3\ui_f\config.bin/RscDisplayCampaignLoad/controls/ButtonBuyDLC/ (original bin\config.bin)
23:27:45 Updating base class RscShortcutButton->RscButtonMenu, by a3\ui_f\config.bin/RscDisplayCampaignLoad/controls/ButtonRevert/ (original bin\config.bin)
23:27:45 Updating base class RscShortcutButton->RscButtonMenuOK, by a3\ui_f\config.bin/RscDisplayCampaignLoad/controls/ButtonOK/ (original bin\config.bin)
23:27:45 Updating base class RscListBox->RscCombo, by a3\ui_f\config.bin/RscDisplayCustomizeController/Steepness/ (original bin\config.bin)
23:27:45 Updating base class ->RscStandardDisplay, by a3\ui_f\config.bin/RscDisplayControlSchemes/ (original bin\config.bin)
23:27:45 Updating base class ButtonOK->RscButtonMenuCancel, by a3\ui_f\config.bin/RscDisplayControlSchemes/controls/ButtonCancel/ (original bin\config.bin)
23:27:45 Updating base class RscButton->RscButtonMenuOK, by a3\ui_f\config.bin/RscDisplayControlSchemes/controls/ButtonOK/ (original bin\config.bin)
23:27:45 Updating base class RscPicture->RscPictureKeepAspect, by a3\ui_f\config.bin/RscDisplayFileSelectImage/controls/OverviewPicture/ (original bin\config.bin)
23:27:45 Updating base class RscShortcutButton->RscButtonMenuCancel, by a3\ui_f\config.bin/RscDisplayFieldManual/Controls/ButtonCancel/ (original bin\config.bin)
23:27:45 Cannot delete class B_KickOff, it is referenced somewhere (used as a base class probably).
23:27:45 Updating base class RscButton->RscButtonMenuCancel, by a3\ui_f\config.bin/RscDisplayPublishMission/controls/ButtonCancel/ (original bin\config.bin)
23:27:45 Updating base class RscShortcutButton->RscButtonMenuOK, by a3\ui_f\config.bin/RscDisplayPublishMissionSelectTags/controls/ButtonOK/ (original bin\config.bin)
23:27:45 Updating base class ButtonOK->RscButtonMenuCancel, by a3\ui_f\config.bin/RscDisplayPublishMissionSelectTags/controls/ButtonCancel/ (original bin\config.bin)
23:27:45 Updating base class ->RscSubmenu, by a3\ui_f\config.bin/RscMainMenu/ (original bin\config.bin)
23:27:45 Updating base class ->RscSubmenu, by a3\ui_f\config.bin/RscMenuMove/ (original (no unload))
23:27:45 Updating base class ->Separator, by a3\ui_f\config.bin/RscMenuMove/Items/Separator1/ (original a3\ui_f\config.bin)
23:27:45 Updating base class ->Separator, by a3\ui_f\config.bin/RscMenuMove/Items/Separator2/ (original a3\ui_f\config.bin)
23:27:45 Updating base class ->RscSubmenu, by a3\ui_f\config.bin/RscMenuCombatMode/ (original (no unload))
23:27:45 Updating base class ->DistanceClose, by a3\ui_f\config.bin/CfgSimpleTasks/Icon3D/DistanceMid/ (original bin\config.bin)
23:27:45 Updating base class ->DistanceClose, by a3\ui_f\config.bin/CfgSimpleTasks/Icon3D/DistanceLong/ (original bin\config.bin)
23:27:45 Updating base class ->n_unknown, by a3\ui_f\config.bin/CfgMarkers/n_inf/ (original a3\ui_f\config.bin)
23:27:45 Updating base class ->Flag, by a3\ui_f\config.bin/CfgMarkers/flag_NATO/ (original a3\ui_f\config.bin)
23:27:45 Updating base class ->WeaponHolder, by a3\weapons_f\config.bin/CfgVehicles/Item_Base_F/ (original a3\weapons_f\config.bin)
23:27:45 Updating base class ->Default, by a3\weapons_f\config.bin/CfgWeapons/ItemCore/ (original a3\weapons_f\config.bin)
23:27:45 Updating base class ->ItemCore, by a3\weapons_f\config.bin/CfgWeapons/ItemRadio/ (original a3\weapons_f\config.bin)
23:27:45 Updating base class ->ReammoBox_F, by a3\weapons_f\ammoboxes\config.bin/CfgVehicles/NATO_Box_Base/ (original a3\weapons_f\ammoboxes\config.bin)
23:27:45 Updating base class ->InventoryItem_Base_F, by a3\weapons_f\items\config.bin/CfgWeapons/InventoryFlashLightItem_Base_F/ (original a3\weapons_f\items\config.bin)
23:27:45 Updating base class ->InventoryItem_Base_F, by a3\weapons_f\items\config.bin/CfgWeapons/UniformItem/ (original a3\weapons_f\items\config.bin)
23:27:45 Updating base class ->InventoryItem_Base_F, by a3\weapons_f\items\config.bin/CfgWeapons/VestItem/ (original a3\weapons_f\items\config.bin)
23:27:45 Updating base class ->Civilian_F, by a3\characters_f\config.bin/CfgVehicles/C_man_1/ (original a3\characters_f\config.bin)
23:27:45 Updating base class ->B_Soldier_base_F, by a3\characters_f\config.bin/CfgVehicles/B_Soldier_F/ (original a3\characters_f\config.bin)
23:27:45 Updating base class ->B_Soldier_02_f, by a3\characters_f\config.bin/CfgVehicles/B_soldier_AR_F/ (original a3\characters_f\config.bin)
23:27:45 Updating base class ->B_Soldier_04_f, by a3\characters_f\config.bin/CfgVehicles/B_Helipilot_F/ (original a3\characters_f\config.bin)
23:27:45 Updating base class ->B_Soldier_base_F, by a3\characters_f\config.bin/CfgVehicles/B_officer_F/ (original a3\characters_f\config.bin)
23:27:45 Updating base class ->B_Soldier_diver_base_F, by a3\characters_f\config.bin/CfgVehicles/B_diver_F/ (original a3\characters_f\config.bin)
23:27:45 Updating base class ->C_Man_1, by a3\characters_f\config.bin/CfgVehicles/C_man_p_fugitive_F/ (original a3\characters_f\config.bin)
23:27:45 Updating base class ->I_G_Soldier_base_F, by a3\characters_f\config.bin/CfgVehicles/I_G_Soldier_F/ (original a3\characters_f\config.bin)
23:27:45 Updating base class ->I_G_Soldier_base_F, by a3\characters_f\config.bin/CfgVehicles/I_G_Soldier_SL_F/ (original a3\characters_f\config.bin)
23:27:45 Updating base class ->I_G_Soldier_base_F, by a3\characters_f\config.bin/CfgVehicles/I_G_Soldier_AR_F/ (original a3\characters_f\config.bin)
23:27:45 Updating base class ->I_G_Soldier_base_F, by a3\characters_f\config.bin/CfgVehicles/I_G_medic_F/ (original a3\characters_f\config.bin)
23:27:45 Updating base class ->I_G_Soldier_base_F, by a3\characters_f\config.bin/CfgVehicles/I_G_engineer_F/ (original a3\characters_f\config.bin)
23:27:45 Updating base class ->I_G_Soldier_base_F, by a3\characters_f\config.bin/CfgVehicles/I_G_Soldier_exp_F/ (original a3\characters_f\config.bin)
23:27:45 Updating base class ->I_G_Soldier_base_F, by a3\characters_f\config.bin/CfgVehicles/I_G_Soldier_GL_F/ (original a3\characters_f\config.bin)
23:27:45 Updating base class ->I_G_Soldier_base_F, by a3\characters_f\config.bin/CfgVehicles/I_G_Soldier_M_F/ (original a3\characters_f\config.bin)
23:27:45 Updating base class ->I_G_Soldier_base_F, by a3\characters_f\config.bin/CfgVehicles/I_G_Soldier_LAT_F/ (original a3\characters_f\config.bin)
23:27:45 Updating base class ->I_G_Soldier_base_F, by a3\characters_f\config.bin/CfgVehicles/I_G_officer_F/ (original a3\characters_f\config.bin)
23:27:45 Updating base class ->I_G_Soldier_F, by a3\characters_f\config.bin/CfgVehicles/B_G_Soldier_F/ (original a3\characters_f\config.bin)
23:27:45 Updating base class ->I_G_Soldier_F, by a3\characters_f\config.bin/CfgVehicles/O_G_Soldier_F/ (original a3\characters_f\config.bin)
23:27:45 Updating base class ->I_G_Soldier_lite_F, by a3\characters_f\config.bin/CfgVehicles/O_G_Soldier_lite_F/ (original a3\characters_f\config.bin)
23:27:45 Updating base class ->I_G_Soldier_F, by a3\characters_f\config.bin/CfgVehicles/I_G_Survivor_F/ (original a3\characters_f\config.bin)
23:27:45 Updating base class ->I_Soldier_base_F, by a3\characters_f\config.bin/CfgVehicles/I_soldier_F/ (original a3\characters_f\config.bin)
23:27:45 Updating base class ->I_Soldier_02_F, by a3\characters_f\config.bin/CfgVehicles/I_Soldier_AR_F/ (original a3\characters_f\config.bin)
23:27:45 Updating base class ->I_Soldier_base_F, by a3\characters_f\config.bin/CfgVehicles/I_Soldier_AT_F/ (original a3\characters_f\config.bin)
23:27:45 Updating base class ->I_Soldier_02_F, by a3\characters_f\config.bin/CfgVehicles/I_Soldier_AA_F/ (original a3\characters_f\config.bin)
23:27:45 Updating base class ->I_Soldier_03_F, by a3\characters_f\config.bin/CfgVehicles/I_helipilot_F/ (original a3\characters_f\config.bin)
23:27:45 Updating base class ->I_Soldier_base_F, by a3\characters_f\config.bin/CfgVehicles/I_officer_F/ (original a3\characters_f\config.bin)
23:27:45 Updating base class ->O_Soldier_base_F, by a3\characters_f\config.bin/CfgVehicles/O_Soldier_F/ (original a3\characters_f\config.bin)
23:27:45 Updating base class ->O_Soldier_base_F, by a3\characters_f\config.bin/CfgVehicles/O_officer_F/ (original a3\characters_f\config.bin)
23:27:45 Updating base class ->O_Soldier_base_F, by a3\characters_f\config.bin/CfgVehicles/O_Soldier_lite_F/ (original a3\characters_f\config.bin)
23:27:45 Updating base class ->O_Soldier_base_F, by a3\characters_f\config.bin/CfgVehicles/O_Soldier_AR_F/ (original a3\characters_f\config.bin)
23:27:45 Updating base class ->O_Soldier_base_F, by a3\characters_f\config.bin/CfgVehicles/O_Soldier_SL_F/ (original a3\characters_f\config.bin)
23:27:45 Updating base class ->O_Soldier_02_F, by a3\characters_f\config.bin/CfgVehicles/O_helipilot_F/ (original a3\characters_f\config.bin)
23:27:45 Updating base class ->O_Soldier_diver_base_F, by a3\characters_f\config.bin/CfgVehicles/O_diver_F/ (original a3\characters_f\config.bin)
23:27:45 Updating base class ->I_G_Soldier_base_F, by a3\characters_f\config.bin/CfgVehicles/I_G_Sharpshooter_F/ (original a3\characters_f\config.bin)
23:27:45 Updating base class ->ItemCore, by a3\characters_f\config.bin/CfgWeapons/Uniform_Base/ (original a3\characters_f\config.bin)
23:27:45 Updating base class ->ItemCore, by a3\characters_f\config.bin/CfgWeapons/Vest_Camo_Base/ (original a3\characters_f\config.bin)
23:27:45 Updating base class ->InventoryItem_Base_F, by a3\characters_f\config.bin/CfgWeapons/HeadgearItem/ (original a3\characters_f\config.bin)
23:27:46 Updating base class ->All, by a3\sounds_f\config.bin/CfgVehicles/Sound/ (original a3\sounds_f\config.bin)
23:27:46 Updating base class GrenadeLauncher->, by braf\braf_weapons_sniper_rifles\config.bin/CfgWeapons/UGL_F/ (original (a3\weapons_f\config.bin - no unload))
23:27:46 Updating base class ZavoraAnim->House, by ca\buildings_c\misc\config.bin/CfgVehicles/Land_zavora/ (original ca\buildings_c\config.bin)
23:27:46 Updating base class ZavoraAnim->Land_zavora_2, by ca\buildings_c\misc\config.bin/CfgVehicles/Land_zavora_2_a1/ (original ca\buildings_c\config.bin)
23:27:47 Updating base class Binocular->, by braf\braf_characters_army\config.bin/CfgWeapons/NVGoggles/ (original a3\weapons_f\config.bin)
23:27:47 Updating base class ->ItemCore, by braf\braf_characters_headgear\config.bin/CfgWeapons/braf_army_PatrolCap/ (original braf\braf_characters_headgear\config.bin)
23:27:47 Updating base class ->UGL_base_F, by braf\braf_weapons_assault_rifles\config.bin/CfgWeapons/UGL_F/ (original (a3\weapons_f\config.bin - no unload))
23:27:47 Updating base class ->asdg_SlotInfo, by braf\braf_weapons_attach_side\config.bin/asdg_FrontSideRail/ (original braf\braf_weapons_attach_side\config.bin)
23:27:47 Updating base class OpenGate->, by ca\misc3_c\config.bin/CfgVehicles/ZavoraAnim/UserActions/CloseGate/ (original ca\buildings_c\config.bin)
23:27:47 Updating base class TargetTraining->TargetGrenadBase, by ca\misc3_c\config.bin/CfgVehicles/TargetGrenade/ (original ca\misc3_c\config.bin)
23:27:48 Updating base class DestructionEffects->, by z\LSR\addons\contact_in_cup_aesthetics_c\config.bin/CfgVehicles/Land_Barn_W_01/DestructionEffects/ (original ca\structures_c\barn_w\config.bin)
23:27:48 Updating base class Door_1_sound_source->, by z\LSR\addons\contact_in_cup_aesthetics_c\config.bin/CfgVehicles/Land_Barn_W_01/AnimationSources/Door_2_sound_source/ (original z\LSR\addons\contact_in_cup_aesthetics_c\config.bin)
23:27:48 Updating base class Door_1_sound_source->, by z\LSR\addons\contact_in_cup_aesthetics_c\config.bin/CfgVehicles/Land_Barn_W_01/AnimationSources/Door_3_sound_source/ (original ca\structures_c\barn_w\config.bin)
23:27:48 Updating base class Door_3_sound_source->, by z\LSR\addons\contact_in_cup_aesthetics_c\config.bin/CfgVehicles/Land_Barn_W_01/AnimationSources/Door_4_sound_source/ (original z\LSR\addons\contact_in_cup_aesthetics_c\config.bin)
23:27:48 Updating base class Door_3_sound_source->, by z\LSR\addons\contact_in_cup_aesthetics_c\config.bin/CfgVehicles/Land_Barn_W_01/AnimationSources/Door_5_sound_source/ (original z\LSR\addons\contact_in_cup_aesthetics_c\config.bin)
23:27:48 Updating base class Door_3_sound_source->, by z\LSR\addons\contact_in_cup_aesthetics_c\config.bin/CfgVehicles/Land_Barn_W_01/AnimationSources/Door_6_sound_source/ (original z\LSR\addons\contact_in_cup_aesthetics_c\config.bin)
23:27:48 Updating base class DestructionEffects->, by z\LSR\addons\contact_in_cup_aesthetics_c\config.bin/CfgVehicles/Land_Barn_W_02/DestructionEffects/ (original ca\structures_c\barn_w\config.bin)
23:27:48 Updating base class Door_1_sound_source->, by z\LSR\addons\contact_in_cup_aesthetics_c\config.bin/CfgVehicles/Land_Barn_W_02/AnimationSources/Door_2_sound_source/ (original ca\structures_c\barn_w\config.bin)
23:27:48 Updating base class Door_2_sound_source->, by z\LSR\addons\contact_in_cup_aesthetics_c\config.bin/CfgVehicles/Land_Barn_W_02/AnimationSources/Door_3_sound_source/ (original z\LSR\addons\contact_in_cup_aesthetics_c\config.bin)
23:27:48 Updating base class Door_2_sound_source->, by z\LSR\addons\contact_in_cup_aesthetics_c\config.bin/CfgVehicles/Land_Barn_W_02/AnimationSources/Door_4_sound_source/ (original z\LSR\addons\contact_in_cup_aesthetics_c\config.bin)
23:27:48 Updating base class Door_2_sound_source->, by z\LSR\addons\contact_in_cup_aesthetics_c\config.bin/CfgVehicles/Land_Barn_W_02/AnimationSources/Door_5_sound_source/ (original z\LSR\addons\contact_in_cup_aesthetics_c\config.bin)
23:27:48 Updating base class DestructionEffects->, by z\LSR\addons\contact_in_cup_aesthetics_c\config.bin/CfgVehicles/Land_Stodola_open/DestructionEffects/ (original ca\buildings_c\config.bin)
23:27:48 Updating base class Door_1_sound_source->, by z\LSR\addons\contact_in_cup_aesthetics_c\config.bin/CfgVehicles/Land_Stodola_open/AnimationSources/Door_2_sound_source/ (original z\LSR\addons\contact_in_cup_aesthetics_c\config.bin)
23:27:48 Updating base class Door_1_sound_source->, by z\LSR\addons\contact_in_cup_aesthetics_c\config.bin/CfgVehicles/Land_Stodola_open/AnimationSources/Door_3_sound_source/ (original z\LSR\addons\contact_in_cup_aesthetics_c\config.bin)
23:27:48 Updating base class Door_1_sound_source->, by z\LSR\addons\contact_in_cup_aesthetics_c\config.bin/CfgVehicles/Land_Stodola_open/AnimationSources/Door_4_sound_source/ (original z\LSR\addons\contact_in_cup_aesthetics_c\config.bin)
23:27:50 Updating base class ->BulletBase, by a3\weapons_f_mark\config.bin/CfgAmmo/B_338_Ball/ (original a3\weapons_f_mark\config.bin)
23:27:50 Updating base class ->InventoryItem_Base_F, by a3\weapons_f_mark\acc\config.bin/CfgWeapons/InventoryUnderItem_Base_F/ (original a3\weapons_f_mark\acc\config.bin)
23:27:50 Updating base class ->VehicleMagazine, by braf\braf_static\config.bin/CfgMagazines/Braf_100Rnd_127x99_M/ (original braf\braf_static\config.bin)
23:27:50 Updating base class ->Braf_Vhmg_M2_veh, by braf\braf_static\config.bin/CfgWeapons/Braf_Vhmg_M2_static/ (original braf\braf_static\config.bin)
23:27:50 Updating base class ->ctrlDefaultText, by a3\3den\config.bin/ctrlStatic/ (original a3\3den\config.bin)
23:27:50 Updating base class ->ctrlButton, by a3\3den\config.bin/ctrlButtonPictureKeepAspect/ (original a3\3den\config.bin)
23:27:50 Updating base class ->ctrlActiveText, by a3\3den\config.bin/ctrlActivePicture/ (original a3\3den\config.bin)
23:27:50 Updating base class ->ctrlDefaultText, by a3\3den\config.bin/ctrlStructuredText/ (original a3\3den\config.bin)
23:27:50 Updating base class ->ctrlControlsGroup, by a3\3den\config.bin/ctrlControlsGroupNoScrollbars/ (original a3\3den\config.bin)
23:27:50 Updating base class ->ctrlDefault, by a3\3den\config.bin/ctrlCheckbox/ (original a3\3den\config.bin)
23:27:50 Updating base class ->ctrlCheckbox, by a3\3den\config.bin/ctrlCheckboxBaseline/ (original a3\3den\config.bin)
23:27:50 Updating base class RscText->ctrlStaticBackgroundDisable, by a3\3den\config.bin/RscDisplayOptionsAudio/ControlsBackground/BackgroundDisable/ (original a3\3den\config.bin)
23:27:50 Updating base class RscText->ctrlStaticBackgroundDisableTiles, by a3\3den\config.bin/RscDisplayOptionsAudio/ControlsBackground/BackgroundDisableTiles/ (original a3\3den\config.bin)
23:27:50 Updating base class RscText->ctrlStaticBackgroundDisable, by a3\3den\config.bin/RscDisplayConfigure/ControlsBackground/BackgroundDisable/ (original a3\3den\config.bin)
23:27:50 Updating base class RscText->ctrlStaticBackgroundDisableTiles, by a3\3den\config.bin/RscDisplayConfigure/ControlsBackground/BackgroundDisableTiles/ (original a3\3den\config.bin)
23:27:50 Updating base class RscText->ctrlStaticBackgroundDisable, by a3\3den\config.bin/RscDisplayConfigureAction/ControlsBackground/BackgroundDisable/ (original a3\3den\config.bin)
23:27:50 Updating base class RscText->ctrlStaticBackgroundDisableTiles, by a3\3den\config.bin/RscDisplayConfigureAction/ControlsBackground/BackgroundDisableTiles/ (original a3\3den\config.bin)
23:27:50 Updating base class RscText->ctrlStaticBackgroundDisable, by a3\3den\config.bin/RscDisplayConfigureControllers/ControlsBackground/BackgroundDisable/ (original a3\3den\config.bin)
23:27:50 Updating base class RscText->ctrlStaticBackgroundDisableTiles, by a3\3den\config.bin/RscDisplayConfigureControllers/ControlsBackground/BackgroundDisableTiles/ (original a3\3den\config.bin)
23:27:50 Updating base class RscText->ctrlStaticBackgroundDisable, by a3\3den\config.bin/RscDisplayGameOptions/ControlsBackground/BackgroundDisable/ (original a3\3den\config.bin)
23:27:50 Updating base class RscText->ctrlStaticBackgroundDisableTiles, by a3\3den\config.bin/RscDisplayGameOptions/ControlsBackground/BackgroundDisableTiles/ (original a3\3den\config.bin)
23:27:50 Updating base class controls->, by a3\3den\config.bin/RscDisplayArcadeMap_Layout_2/Controls/ (original a3\ui_f\config.bin)
23:27:50 Updating base class controls->, by a3\3den\config.bin/RscDisplayArcadeMap_Layout_6/Controls/ (original a3\ui_f\config.bin)
23:27:50 Updating base class ->ctrlControlsGroupNoScrollbars, by a3\3den\config.bin/Cfg3DEN/Attributes/Default/ (original a3\3den\config.bin)
23:27:50 Updating base class ->ctrlStatic, by a3\3den\config.bin/Cfg3DEN/Attributes/Title/Controls/Title/ (original a3\3den\config.bin)
23:27:50 Updating base class ->ctrlToolbox, by a3\3den\config.bin/Cfg3DEN/Attributes/Toolbox/Controls/Value/ (original a3\3den\config.bin)
23:27:50 Updating base class ->BulletBase, by a3\weapons_f_mod\config.bin/CfgAmmo/B_570x28_Ball/ (original a3\weapons_f_mod\config.bin)
23:27:50 Updating base class ->CA_Magazine, by a3\weapons_f_mod\config.bin/CfgMagazines/50Rnd_570x28_SMG_03/ (original a3\weapons_f_mod\config.bin)
23:27:51 Updating base class ->ReammoBox_F, by a3\supplies_f_exp\ammoboxes\config.bin/CfgVehicles/Box_Syndicate_Ammo_F/ (original a3\supplies_f_exp\ammoboxes\config.bin)
23:27:51 Updating base class ->Binocular, by a3\weapons_f_exp\config.bin/CfgWeapons/NVGoggles/ (original (a3\weapons_f\config.bin - no unload))
23:27:54 Updating base class ->B_soldier_AR_F, by a3\characters_f_exp\config.bin/CfgVehicles/B_T_Soldier_AR_F/ (original a3\characters_f_exp\config.bin)
23:27:54 Updating base class ->B_officer_F, by a3\characters_f_exp\config.bin/CfgVehicles/B_T_Officer_F/ (original a3\characters_f_exp\config.bin)
23:27:54 Updating base class ->B_Soldier_F, by a3\characters_f_exp\config.bin/CfgVehicles/B_T_Soldier_F/ (original a3\characters_f_exp\config.bin)
23:27:54 Updating base class ->O_Soldier_AR_F, by a3\characters_f_exp\config.bin/CfgVehicles/O_T_Soldier_AR_F/ (original a3\characters_f_exp\config.bin)
23:27:54 Updating base class ->O_officer_F, by a3\characters_f_exp\config.bin/CfgVehicles/O_T_Officer_F/ (original a3\characters_f_exp\config.bin)
23:27:54 Updating base class ->O_Soldier_F, by a3\characters_f_exp\config.bin/CfgVehicles/O_T_Soldier_F/ (original a3\characters_f_exp\config.bin)
23:27:54 Updating base class ->O_Soldier_SL_F, by a3\characters_f_exp\config.bin/CfgVehicles/O_T_Soldier_SL_F/ (original a3\characters_f_exp\config.bin)
23:27:54 Updating base class ->B_GEN_Soldier_base_F, by a3\characters_f_exp\config.bin/CfgVehicles/B_GEN_Soldier_F/ (original a3\characters_f_exp\config.bin)
23:27:54 Updating base class ->B_GEN_Soldier_base_F, by a3\characters_f_exp\config.bin/CfgVehicles/B_GEN_Commander_F/ (original a3\characters_f_exp\config.bin)
23:27:55 Updating base class ->Bomb_04_F, by a3\weapons_f_orange\config.bin/CfgAmmo/BombCluster_01_Ammo_F/ (original a3\weapons_f_orange\config.bin)
23:27:55 Updating base class ->PylonMissile_1Rnd_Bomb_04_F, by a3\weapons_f_orange\config.bin/CfgMagazines/PylonMissile_1Rnd_BombCluster_01_F/ (original a3\weapons_f_orange\config.bin)
23:27:55 Updating base class ->Bomb_04_Plane_CAS_01_F, by a3\weapons_f_orange\config.bin/CfgWeapons/BombCluster_01_F/ (original a3\weapons_f_orange\config.bin)
23:27:56 Updating base class ->MissileBase, by a3\weapons_f_tank\config.bin/CfgAmmo/M_Vorona_HEAT/ (original a3\weapons_f_tank\config.bin)
23:27:56 Updating base class ->MissileLauncher, by a3\weapons_f_tank\config.bin/CfgWeapons/missiles_Vorona/ (original a3\weapons_f_tank\config.bin)
23:27:56 Updating base class ->launch_MRAWS_olive_rail_F, by a3\weapons_f_tank\launchers\mraws\config.bin/CfgWeapons/launch_MRAWS_green_rail_F/ (original a3\weapons_f_tank\launchers\mraws\config.bin)
23:27:56 Updating base class Mod_Base->, by a3\data_f_destroyer\config.bin/CfgMods/Jets/ (original a3\data_f_jets\config.bin)
23:27:56 Updating base class ->mortar_155mm_AMOS, by a3\weapons_f_destroyer\config.bin/CfgWeapons/weapon_ShipCannon_120mm/ (original a3\weapons_f_destroyer\config.bin)
23:27:57 Updating base class ->B_12Gauge_Slug, by a3\weapons_f_enoch\config.bin/CfgAmmo/B_12Gauge_Slug_NoCartridge/ (original a3\weapons_f_enoch\config.bin)
23:27:58 Updating base class UGL_base_F->GrenadeLauncher, by jsrs_2025\sounds_f_jsrs2025_c\config.bin/cfgweapons/ugl_f/ (original (a3\weapons_f\config.bin - no unload))
23:27:58 Updating base class DestructionEffects->, by z\LSR\addons\patch_contact_in_cup_c\config.bin/CfgVehicles/Land_HouseV_2I/DestructionEffects/ (original ca\structures_c\house\housev\config.bin)
23:27:58 Updating base class DestructionEffects->, by z\LSR\addons\patch_contact_in_cup_c\config.bin/CfgVehicles/Land_HouseV_2L/DestructionEffects/ (original ca\structures_c\house\housev\config.bin)
23:27:58 Updating base class DestructionEffects->, by z\LSR\addons\patch_contact_in_cup_c\config.bin/CfgVehicles/Land_HouseV2_02/DestructionEffects/ (original ca\structures_c\house\housev2\config.bin)
23:27:58 Updating base class DestructionEffects->, by z\LSR\addons\patch_contact_in_cup_c\config.bin/CfgVehicles/Land_HouseV2_03B/DestructionEffects/ (original ca\structures_c\house\housev2\config.bin)
23:27:58 Updating base class BrokenGlass1->, by z\LSR\addons\patch_contact_in_cup_c\config.bin/CfgVehicles/Land_HouseV2_04_interier/HitPoints/Glass_1_hitpoint/DestructionEffects/BrokenGlass2/ (original ca\structures_c\house\housev2\config.bin)
23:27:58 Updating base class BrokenGlass1->, by z\LSR\addons\patch_contact_in_cup_c\config.bin/CfgVehicles/Land_HouseV2_04_interier/HitPoints/Glass_1_hitpoint/DestructionEffects/BrokenGlass3/ (original ca\structures_c\house\housev2\config.bin)
23:27:58 Updating base class BrokenGlass1->, by z\LSR\addons\patch_contact_in_cup_c\config.bin/CfgVehicles/Land_HouseV2_04_interier/HitPoints/Glass_1_hitpoint/DestructionEffects/BrokenGlass4/ (original ca\structures_c\house\housev2\config.bin)
23:27:58 Updating base class BrokenGlass1->, by z\LSR\addons\patch_contact_in_cup_c\config.bin/CfgVehicles/Land_HouseV2_04_interier/HitPoints/Glass_1_hitpoint/DestructionEffects/BrokenGlass5/ (original ca\structures_c\house\housev2\config.bin)
23:27:58 Updating base class BrokenGlass1->, by z\LSR\addons\patch_contact_in_cup_c\config.bin/CfgVehicles/Land_HouseV2_04_interier/HitPoints/Glass_1_hitpoint/DestructionEffects/BrokenGlass6/ (original ca\structures_c\house\housev2\config.bin)
23:27:58 Updating base class BrokenGlass1->, by z\LSR\addons\patch_contact_in_cup_c\config.bin/CfgVehicles/Land_HouseV2_04_interier/HitPoints/Glass_1_hitpoint/DestructionEffects/BrokenGlass7/ (original ca\structures_c\house\housev2\config.bin)
23:27:58 Updating base class BrokenGlass1->, by z\LSR\addons\patch_contact_in_cup_c\config.bin/CfgVehicles/Land_HouseV2_04_interier/HitPoints/Glass_1_hitpoint/DestructionEffects/BrokenGlass1S/ (original ca\structures_c\house\housev2\config.bin)
23:27:58 Updating base class BrokenGlass1->, by z\LSR\addons\patch_contact_in_cup_c\config.bin/CfgVehicles/Land_HouseV2_04_interier/HitPoints/Glass_1_hitpoint/DestructionEffects/BrokenGlass2S/ (original ca\structures_c\house\housev2\config.bin)
23:27:58 Updating base class BrokenGlass1->, by z\LSR\addons\patch_contact_in_cup_c\config.bin/CfgVehicles/Land_HouseV2_04_interier/HitPoints/Glass_1_hitpoint/DestructionEffects/BrokenGlass3S/ (original ca\structures_c\house\housev2\config.bin)
23:27:58 Updating base class BrokenGlass1->, by z\LSR\addons\patch_contact_in_cup_c\config.bin/CfgVehicles/Land_HouseV2_04_interier/HitPoints/Glass_1_hitpoint/DestructionEffects/BrokenGlass4S/ (original ca\structures_c\house\housev2\config.bin)
23:27:58 Updating base class BrokenGlass1->, by z\LSR\addons\patch_contact_in_cup_c\config.bin/CfgVehicles/Land_HouseV2_04_interier/HitPoints/Glass_1_hitpoint/DestructionEffects/BrokenGlass5S/ (original ca\structures_c\house\housev2\config.bin)
23:27:58 Updating base class BrokenGlass1->, by z\LSR\addons\patch_contact_in_cup_c\config.bin/CfgVehicles/Land_HouseV2_04_interier/HitPoints/Glass_1_hitpoint/DestructionEffects/BrokenGlass6S/ (original ca\structures_c\house\housev2\config.bin)
23:27:58 Updating base class BrokenGlass1->, by z\LSR\addons\patch_contact_in_cup_c\config.bin/CfgVehicles/Land_HouseV2_04_interier/HitPoints/Glass_1_hitpoint/DestructionEffects/BrokenGlass7S/ (original ca\structures_c\house\housev2\config.bin)
23:27:58 Updating base class BrokenGlass1->, by z\LSR\addons\patch_contact_in_cup_c\config.bin/CfgVehicles/Land_HouseV2_04_interier/HitPoints/Glass_2_hitpoint/DestructionEffects/BrokenGlass2/ (original ca\structures_c\house\housev2\config.bin)
23:27:58 Updating base class BrokenGlass1->, by z\LSR\addons\patch_contact_in_cup_c\config.bin/CfgVehicles/Land_HouseV2_04_interier/HitPoints/Glass_2_hitpoint/DestructionEffects/BrokenGlass3/ (original ca\structures_c\house\housev2\config.bin)
23:27:58 Updating base class BrokenGlass1->, by z\LSR\addons\patch_contact_in_cup_c\config.bin/CfgVehicles/Land_HouseV2_04_interier/HitPoints/Glass_2_hitpoint/DestructionEffects/BrokenGlass4/ (original ca\structures_c\house\housev2\config.bin)
23:27:58 Updating base class BrokenGlass1->, by z\LSR\addons\patch_contact_in_cup_c\config.bin/CfgVehicles/Land_HouseV2_04_interier/HitPoints/Glass_2_hitpoint/DestructionEffects/BrokenGlass5/ (original ca\structures_c\house\housev2\config.bin)
23:27:58 Updating base class BrokenGlass1->, by z\LSR\addons\patch_contact_in_cup_c\config.bin/CfgVehicles/Land_HouseV2_04_interier/HitPoints/Glass_2_hitpoint/DestructionEffects/BrokenGlass6/ (original ca\structures_c\house\housev2\config.bin)
23:27:58 Updating base class BrokenGlass1->, by z\LSR\addons\patch_contact_in_cup_c\config.bin/CfgVehicles/Land_HouseV2_04_interier/HitPoints/Glass_2_hitpoint/DestructionEffects/BrokenGlass7/ (original ca\structures_c\house\housev2\config.bin)
23:27:58 Updating base class BrokenGlass1->, by z\LSR\addons\patch_contact_in_cup_c\config.bin/CfgVehicles/Land_HouseV2_04_interier/HitPoints/Glass_2_hitpoint/DestructionEffects/BrokenGlass1S/ (original ca\structures_c\house\housev2\config.bin)
23:27:58 Updating base class BrokenGlass1->, by z\LSR\addons\patch_contact_in_cup_c\config.bin/CfgVehicles/Land_HouseV2_04_interier/HitPoints/Glass_2_hitpoint/DestructionEffects/BrokenGlass2S/ (original ca\structures_c\house\housev2\config.bin)
23:27:58 Updating base class BrokenGlass1->, by z\LSR\addons\patch_contact_in_cup_c\config.bin/CfgVehicles/Land_HouseV2_04_interier/HitPoints/Glass_2_hitpoint/DestructionEffects/BrokenGlass3S/ (original ca\structures_c\house\housev2\config.bin)
23:27:58 Updating base class BrokenGlass1->, by z\LSR\addons\patch_contact_in_cup_c\config.bin/CfgVehicles/Land_HouseV2_04_interier/HitPoints/Glass_2_hitpoint/DestructionEffects/BrokenGlass4S/ (original ca\structures_c\house\housev2\config.bin)
23:27:58 Updating base class BrokenGlass1->, by z\LSR\addons\patch_contact_in_cup_c\config.bin/CfgVehicles/Land_HouseV2_04_interier/HitPoints/Glass_2_hitpoint/DestructionEffects/BrokenGlass5S/ (original ca\structures_c\house\housev2\config.bin)
23:27:58 Updating base class BrokenGlass1->, by z\LSR\addons\patch_contact_in_cup_c\config.bin/CfgVehicles/Land_HouseV2_04_interier/HitPoints/Glass_2_hitpoint/DestructionEffects/BrokenGlass6S/ (original ca\structures_c\house\housev2\config.bin)
23:27:58 Updating base class BrokenGlass1->, by z\LSR\addons\patch_contact_in_cup_c\config.bin/CfgVehicles/Land_HouseV2_04_interier/HitPoints/Glass_2_hitpoint/DestructionEffects/BrokenGlass7S/ (original ca\structures_c\house\housev2\config.bin)
23:27:58 Updating base class BrokenGlass1->, by z\LSR\addons\patch_contact_in_cup_c\config.bin/CfgVehicles/Land_HouseV2_04_interier/HitPoints/Glass_3_hitpoint/DestructionEffects/BrokenGlass2/ (original ca\structures_c\house\housev2\config.bin)
23:27:58 Updating base class BrokenGlass1->, by z\LSR\addons\patch_contact_in_cup_c\config.bin/CfgVehicles/Land_HouseV2_04_interier/HitPoints/Glass_3_hitpoint/DestructionEffects/BrokenGlass3/ (original ca\structures_c\house\housev2\config.bin)
23:27:58 Updating base class BrokenGlass1->, by z\LSR\addons\patch_contact_in_cup_c\config.bin/CfgVehicles/Land_HouseV2_04_interier/HitPoints/Glass_3_hitpoint/DestructionEffects/BrokenGlass4/ (original ca\structures_c\house\housev2\config.bin)
23:27:58 Updating base class BrokenGlass1->, by z\LSR\addons\patch_contact_in_cup_c\config.bin/CfgVehicles/Land_HouseV2_04_interier/HitPoints/Glass_3_hitpoint/DestructionEffects/BrokenGlass5/ (original ca\structures_c\house\housev2\config.bin)
23:27:58 Updating base class BrokenGlass1->, by z\LSR\addons\patch_contact_in_cup_c\config.bin/CfgVehicles/Land_HouseV2_04_interier/HitPoints/Glass_3_hitpoint/DestructionEffects/BrokenGlass6/ (original ca\structures_c\house\housev2\config.bin)
23:27:58 Updating base class BrokenGlass1->, by z\LSR\addons\patch_contact_in_cup_c\config.bin/CfgVehicles/Land_HouseV2_04_interier/HitPoints/Glass_3_hitpoint/DestructionEffects/BrokenGlass7/ (original ca\structures_c\house\housev2\config.bin)
23:27:58 Updating base class BrokenGlass1->, by z\LSR\addons\patch_contact_in_cup_c\config.bin/CfgVehicles/Land_HouseV2_04_interier/HitPoints/Glass_3_hitpoint/DestructionEffects/BrokenGlass1S/ (original ca\structures_c\house\housev2\config.bin)
23:27:58 Updating base class BrokenGlass1->, by z\LSR\addons\patch_contact_in_cup_c\config.bin/CfgVehicles/Land_HouseV2_04_interier/HitPoints/Glass_3_hitpoint/DestructionEffects/BrokenGlass2S/ (original ca\structures_c\house\housev2\config.bin)
23:27:58 Updating base class BrokenGlass1->, by z\LSR\addons\patch_contact_in_cup_c\config.bin/CfgVehicles/Land_HouseV2_04_interier/HitPoints/Glass_3_hitpoint/DestructionEffects/BrokenGlass3S/ (original ca\structures_c\house\housev2\config.bin)
23:27:58 Updating base class BrokenGlass1->, by z\LSR\addons\patch_contact_in_cup_c\config.bin/CfgVehicles/Land_HouseV2_04_interier/HitPoints/Glass_3_hitpoint/DestructionEffects/BrokenGlass4S/ (original ca\structures_c\house\housev2\config.bin)
23:27:58 Updating base class BrokenGlass1->, by z\LSR\addons\patch_contact_in_cup_c\config.bin/CfgVehicles/Land_HouseV2_04_interier/HitPoints/Glass_3_hitpoint/DestructionEffects/BrokenGlass5S/ (original ca\structures_c\house\housev2\config.bin)
23:27:58 Updating base class BrokenGlass1->, by z\LSR\addons\patch_contact_in_cup_c\config.bin/CfgVehicles/Land_HouseV2_04_interier/HitPoints/Glass_3_hitpoint/DestructionEffects/BrokenGlass6S/ (original ca\structures_c\house\housev2\config.bin)
23:27:58 Updating base class BrokenGlass1->, by z\LSR\addons\patch_contact_in_cup_c\config.bin/CfgVehicles/Land_HouseV2_04_interier/HitPoints/Glass_3_hitpoint/DestructionEffects/BrokenGlass7S/ (original ca\structures_c\house\housev2\config.bin)
23:27:58 Updating base class BrokenGlass1->, by z\LSR\addons\patch_contact_in_cup_c\config.bin/CfgVehicles/Land_HouseV2_04_interier/HitPoints/Glass_4_hitpoint/DestructionEffects/BrokenGlass2/ (original ca\structures_c\house\housev2\config.bin)
23:27:58 Updating base class BrokenGlass1->, by z\LSR\addons\patch_contact_in_cup_c\config.bin/CfgVehicles/Land_HouseV2_04_interier/HitPoints/Glass_4_hitpoint/DestructionEffects/BrokenGlass3/ (original ca\structures_c\house\housev2\config.bin)
23:27:58 Updating base class BrokenGlass1->, by z\LSR\addons\patch_contact_in_cup_c\config.bin/CfgVehicles/Land_HouseV2_04_interier/HitPoints/Glass_4_hitpoint/DestructionEffects/BrokenGlass4/ (original ca\structures_c\house\housev2\config.bin)
23:27:58 Updating base class BrokenGlass1->, by z\LSR\addons\patch_contact_in_cup_c\config.bin/CfgVehicles/Land_HouseV2_04_interier/HitPoints/Glass_4_hitpoint/DestructionEffects/BrokenGlass5/ (original ca\structures_c\house\housev2\config.bin)
23:27:58 Updating base class BrokenGlass1->, by z\LSR\addons\patch_contact_in_cup_c\config.bin/CfgVehicles/Land_HouseV2_04_interier/HitPoints/Glass_4_hitpoint/DestructionEffects/BrokenGlass6/ (original ca\structures_c\house\housev2\config.bin)
23:27:58 Updating base class BrokenGlass1->, by z\LSR\addons\patch_contact_in_cup_c\config.bin/CfgVehicles/Land_HouseV2_04_interier/HitPoints/Glass_4_hitpoint/DestructionEffects/BrokenGlass7/ (original ca\structures_c\house\housev2\config.bin)
23:27:58 Updating base class BrokenGlass1->, by z\LSR\addons\patch_contact_in_cup_c\config.bin/CfgVehicles/Land_HouseV2_04_interier/HitPoints/Glass_4_hitpoint/DestructionEffects/BrokenGlass1S/ (original ca\structures_c\house\housev2\config.bin)
23:27:58 Updating base class BrokenGlass1->, by z\LSR\addons\patch_contact_in_cup_c\config.bin/CfgVehicles/Land_HouseV2_04_interier/HitPoints/Glass_4_hitpoint/DestructionEffects/BrokenGlass2S/ (original ca\structures_c\house\housev2\config.bin)
23:27:58 Updating base class BrokenGlass1->, by z\LSR\addons\patch_contact_in_cup_c\config.bin/CfgVehicles/Land_HouseV2_04_interier/HitPoints/Glass_4_hitpoint/DestructionEffects/BrokenGlass3S/ (original ca\structures_c\house\housev2\config.bin)
23:27:58 Updating base class BrokenGlass1->, by z\LSR\addons\patch_contact_in_cup_c\config.bin/CfgVehicles/Land_HouseV2_04_interier/HitPoints/Glass_4_hitpoint/DestructionEffects/BrokenGlass4S/ (original ca\structures_c\house\housev2\config.bin)
23:27:58 Updating base class BrokenGlass1->, by z\LSR\addons\patch_contact_in_cup_c\config.bin/CfgVehicles/Land_HouseV2_04_interier/HitPoints/Glass_4_hitpoint/DestructionEffects/BrokenGlass5S/ (original ca\structures_c\house\housev2\config.bin)
23:27:58 Updating base class BrokenGlass1->, by z\LSR\addons\patch_contact_in_cup_c\config.bin/CfgVehicles/Land_HouseV2_04_interier/HitPoints/Glass_4_hitpoint/DestructionEffects/BrokenGlass6S/ (original ca\structures_c\house\housev2\config.bin)
23:27:58 Updating base class BrokenGlass1->, by z\LSR\addons\patch_contact_in_cup_c\config.bin/CfgVehicles/Land_HouseV2_04_interier/HitPoints/Glass_4_hitpoint/DestructionEffects/BrokenGlass7S/ (original ca\structures_c\house\housev2\config.bin)
23:27:58 Updating base class BrokenGlass1->, by z\LSR\addons\patch_contact_in_cup_c\config.bin/CfgVehicles/Land_HouseV2_04_interier/HitPoints/Glass_5_hitpoint/DestructionEffects/BrokenGlass2/ (original ca\structures_c\house\housev2\config.bin)
23:27:58 Updating base class BrokenGlass1->, by z\LSR\addons\patch_contact_in_cup_c\config.bin/CfgVehicles/Land_HouseV2_04_interier/HitPoints/Glass_5_hitpoint/DestructionEffects/BrokenGlass3/ (original ca\structures_c\house\housev2\config.bin)
23:27:58 Updating base class BrokenGlass1->, by z\LSR\addons\patch_contact_in_cup_c\config.bin/CfgVehicles/Land_HouseV2_04_interier/HitPoints/Glass_5_hitpoint/DestructionEffects/BrokenGlass4/ (original ca\structures_c\house\housev2\config.bin)
23:27:58 Updating base class BrokenGlass1->, by z\LSR\addons\patch_contact_in_cup_c\config.bin/CfgVehicles/Land_HouseV2_04_interier/HitPoints/Glass_5_hitpoint/DestructionEffects/BrokenGlass5/ (original ca\structures_c\house\housev2\config.bin)
23:27:58 Updating base class BrokenGlass1->, by z\LSR\addons\patch_contact_in_cup_c\config.bin/CfgVehicles/Land_HouseV2_04_interier/HitPoints/Glass_5_hitpoint/DestructionEffects/BrokenGlass6/ (original ca\structures_c\house\housev2\config.bin)
23:27:58 Updating base class BrokenGlass1->, by z\LSR\addons\patch_contact_in_cup_c\config.bin/CfgVehicles/Land_HouseV2_04_interier/HitPoints/Glass_5_hitpoint/DestructionEffects/BrokenGlass7/ (original ca\structures_c\house\housev2\config.bin)
23:27:58 Updating base class BrokenGlass1->, by z\LSR\addons\patch_contact_in_cup_c\config.bin/CfgVehicles/Land_HouseV2_04_interier/HitPoints/Glass_5_hitpoint/DestructionEffects/BrokenGlass1S/ (original ca\structures_c\house\housev2\config.bin)
23:27:58 Updating base class BrokenGlass1->, by z\LSR\addons\patch_contact_in_cup_c\config.bin/CfgVehicles/Land_HouseV2_04_interier/HitPoints/Glass_5_hitpoint/DestructionEffects/BrokenGlass2S/ (original ca\structures_c\house\housev2\config.bin)
23:27:58 Updating base class BrokenGlass1->, by z\LSR\addons\patch_contact_in_cup_c\config.bin/CfgVehicles/Land_HouseV2_04_interier/HitPoints/Glass_5_hitpoint/DestructionEffects/BrokenGlass3S/ (original ca\structures_c\house\housev2\config.bin)
23:27:58 Updating base class BrokenGlass1->, by z\LSR\addons\patch_contact_in_cup_c\config.bin/CfgVehicles/Land_HouseV2_04_interier/HitPoints/Glass_5_hitpoint/DestructionEffects/BrokenGlass4S/ (original ca\structures_c\house\housev2\config.bin)
23:27:58 Updating base class BrokenGlass1->, by z\LSR\addons\patch_contact_in_cup_c\config.bin/CfgVehicles/Land_HouseV2_04_interier/HitPoints/Glass_5_hitpoint/DestructionEffects/BrokenGlass5S/ (original ca\structures_c\house\housev2\config.bin)
23:27:58 Updating base class BrokenGlass1->, by z\LSR\addons\patch_contact_in_cup_c\config.bin/CfgVehicles/Land_HouseV2_04_interier/HitPoints/Glass_5_hitpoint/DestructionEffects/BrokenGlass6S/ (original ca\structures_c\house\housev2\config.bin)
23:27:58 Updating base class BrokenGlass1->, by z\LSR\addons\patch_contact_in_cup_c\config.bin/CfgVehicles/Land_HouseV2_04_interier/HitPoints/Glass_5_hitpoint/DestructionEffects/BrokenGlass7S/ (original ca\structures_c\house\housev2\config.bin)
23:27:58 Updating base class Door_1_sound_source->, by z\LSR\addons\patch_contact_in_cup_c\config.bin/CfgVehicles/Land_HouseV2_04_interier/AnimationSources/Door_2_sound_source/ (original z\LSR\addons\patch_contact_in_cup_c\config.bin)
23:27:58 Updating base class Door_1_sound_source->, by z\LSR\addons\patch_contact_in_cup_c\config.bin/CfgVehicles/Land_HouseV2_04_interier/AnimationSources/Door_3_sound_source/ (original z\LSR\addons\patch_contact_in_cup_c\config.bin)
23:27:58 Updating base class Door_1_sound_source->, by z\LSR\addons\patch_contact_in_cup_c\config.bin/CfgVehicles/Land_HouseV2_04_interier/AnimationSources/Door_4_sound_source/ (original z\LSR\addons\patch_contact_in_cup_c\config.bin)
23:27:58 Updating base class OpenDoor_1->, by z\LSR\addons\patch_contact_in_cup_c\config.bin/CfgVehicles/Land_HouseV2_04_interier/UserActions/OpenDoor_2/ (original ca\structures_c\house\housev2\config.bin)
23:27:58 Updating base class CloseDoor_1->OpenDoor_2, by z\LSR\addons\patch_contact_in_cup_c\config.bin/CfgVehicles/Land_HouseV2_04_interier/UserActions/CloseDoor_2/ (original ca\structures_c\house\housev2\config.bin)
23:27:58 Updating base class OpenDoor_1->, by z\LSR\addons\patch_contact_in_cup_c\config.bin/CfgVehicles/Land_HouseV2_04_interier/UserActions/OpenDoor_3/ (original ca\structures_c\house\housev2\config.bin)
23:27:58 Updating base class CloseDoor_1->OpenDoor_3, by z\LSR\addons\patch_contact_in_cup_c\config.bin/CfgVehicles/Land_HouseV2_04_interier/UserActions/CloseDoor_3/ (original ca\structures_c\house\housev2\config.bin)
23:27:58 Updating base class OpenDoor_1->, by z\LSR\addons\patch_contact_in_cup_c\config.bin/CfgVehicles/Land_HouseV2_04_interier/UserActions/OpenDoor_4/ (original ca\structures_c\house\housev2\config.bin)
23:27:58 Updating base class CloseDoor_1->OpenDoor_4, by z\LSR\addons\patch_contact_in_cup_c\config.bin/CfgVehicles/Land_HouseV2_04_interier/UserActions/CloseDoor_4/ (original ca\structures_c\house\housev2\config.bin)
23:27:58 Updating base class DestructionEffects->, by z\LSR\addons\patch_contact_in_cup_c\config.bin/CfgVehicles/Land_HouseV_1I1/DestructionEffects/ (original ca\structures_c\house\housev\config.bin)
23:27:58 Updating base class DestructionEffects->, by z\LSR\addons\patch_contact_in_cup_c\config.bin/CfgVehicles/Land_HouseV_3I3/DestructionEffects/ (original ca\structures_c\house\housev\config.bin)
23:27:58 Updating base class DestructionEffects->, by z\LSR\addons\patch_contact_in_cup_c\config.bin/CfgVehicles/Land_HouseV_3I4/DestructionEffects/ (original ca\structures_c\house\housev\config.bin)
23:27:58 Updating base class DestructionEffects->, by z\LSR\addons\patch_contact_in_cup_c\config.bin/CfgVehicles/Land_HouseV_1I2/DestructionEffects/ (original ca\structures_c\house\housev\config.bin)
23:27:58 Updating base class DestructionEffects->, by z\LSR\addons\patch_contact_in_cup_c\config.bin/CfgVehicles/Land_HouseV_1I3/DestructionEffects/ (original ca\structures_c\house\housev\config.bin)
23:27:58 Updating base class DestructionEffects->, by z\LSR\addons\patch_contact_in_cup_c\config.bin/CfgVehicles/Land_HouseV_1I4/DestructionEffects/ (original ca\structures_c\house\housev\config.bin)
23:27:58 Updating base class BrokenGlass1->, by z\LSR\addons\patch_contact_in_cup_c\config.bin/CfgVehicles/Land_HouseV_1I4/HitPoints/Glass_1_hitpoint/DestructionEffects/BrokenGlass2/ (original ca\structures_c\house\housev\config.bin)
23:27:58 Updating base class BrokenGlass1->, by z\LSR\addons\patch_contact_in_cup_c\config.bin/CfgVehicles/Land_HouseV_1I4/HitPoints/Glass_1_hitpoint/DestructionEffects/BrokenGlass3/ (original ca\structures_c\house\housev\config.bin)
23:27:58 Updating base class BrokenGlass1->, by z\LSR\addons\patch_contact_in_cup_c\config.bin/CfgVehicles/Land_HouseV_1I4/HitPoints/Glass_1_hitpoint/DestructionEffects/BrokenGlass4/ (original ca\structures_c\house\housev\config.bin)
23:27:58 Updating base class BrokenGlass1->, by z\LSR\addons\patch_contact_in_cup_c\config.bin/CfgVehicles/Land_HouseV_1I4/HitPoints/Glass_1_hitpoint/DestructionEffects/BrokenGlass5/ (original ca\structures_c\house\housev\config.bin)
23:27:58 Updating base class BrokenGlass1->, by z\LSR\addons\patch_contact_in_cup_c\config.bin/CfgVehicles/Land_HouseV_1I4/HitPoints/Glass_1_hitpoint/DestructionEffects/BrokenGlass6/ (original ca\structures_c\house\housev\config.bin)
23:27:58 Updating base class BrokenGlass1->, by z\LSR\addons\patch_contact_in_cup_c\config.bin/CfgVehicles/Land_HouseV_1I4/HitPoints/Glass_1_hitpoint/DestructionEffects/BrokenGlass7/ (original ca\structures_c\house\housev\config.bin)
23:27:58 Updating base class BrokenGlass1->, by z\LSR\addons\patch_contact_in_cup_c\config.bin/CfgVehicles/Land_HouseV_1I4/HitPoints/Glass_1_hitpoint/DestructionEffects/BrokenGlass1S/ (original ca\structures_c\house\housev\config.bin)
23:27:58 Updating base class BrokenGlass1->, by z\LSR\addons\patch_contact_in_cup_c\config.bin/CfgVehicles/Land_HouseV_1I4/HitPoints/Glass_1_hitpoint/DestructionEffects/BrokenGlass2S/ (original ca\structures_c\house\housev\config.bin)
23:27:58 Updating base class BrokenGlass1->, by z\LSR\addons\patch_contact_in_cup_c\config.bin/CfgVehicles/Land_HouseV_1I4/HitPoints/Glass_1_hitpoint/DestructionEffects/BrokenGlass3S/ (original ca\structures_c\house\housev\config.bin)
23:27:58 Updating base class BrokenGlass1->, by z\LSR\addons\patch_contact_in_cup_c\config.bin/CfgVehicles/Land_HouseV_1I4/HitPoints/Glass_1_hitpoint/DestructionEffects/BrokenGlass4S/ (original ca\structures_c\house\housev\config.bin)
23:27:58 Updating base class BrokenGlass1->, by z\LSR\addons\patch_contact_in_cup_c\config.bin/CfgVehicles/Land_HouseV_1I4/HitPoints/Glass_1_hitpoint/DestructionEffects/BrokenGlass5S/ (original ca\structures_c\house\housev\config.bin)
23:27:58 Updating base class BrokenGlass1->, by z\LSR\addons\patch_contact_in_cup_c\config.bin/CfgVehicles/Land_HouseV_1I4/HitPoints/Glass_1_hitpoint/DestructionEffects/BrokenGlass6S/ (original ca\structures_c\house\housev\config.bin)
23:27:58 Updating base class BrokenGlass1->, by z\LSR\addons\patch_contact_in_cup_c\config.bin/CfgVehicles/Land_HouseV_1I4/HitPoints/Glass_1_hitpoint/DestructionEffects/BrokenGlass7S/ (original ca\structures_c\house\housev\config.bin)
23:27:58 Updating base class BrokenGlass1->, by z\LSR\addons\patch_contact_in_cup_c\config.bin/CfgVehicles/Land_HouseV_1I4/HitPoints/Glass_2_hitpoint/DestructionEffects/BrokenGlass2/ (original ca\structures_c\house\housev\config.bin)
23:27:58 Updating base class BrokenGlass1->, by z\LSR\addons\patch_contact_in_cup_c\config.bin/CfgVehicles/Land_HouseV_1I4/HitPoints/Glass_2_hitpoint/DestructionEffects/BrokenGlass3/ (original ca\structures_c\house\housev\config.bin)
23:27:58 Updating base class BrokenGlass1->, by z\LSR\addons\patch_contact_in_cup_c\config.bin/CfgVehicles/Land_HouseV_1I4/HitPoints/Glass_2_hitpoint/DestructionEffects/BrokenGlass4/ (original ca\structures_c\house\housev\config.bin)
23:27:58 Updating base class BrokenGlass1->, by z\LSR\addons\patch_contact_in_cup_c\config.bin/CfgVehicles/Land_HouseV_1I4/HitPoints/Glass_2_hitpoint/DestructionEffects/BrokenGlass5/ (original ca\structures_c\house\housev\config.bin)
23:27:58 Updating base class BrokenGlass1->, by z\LSR\addons\patch_contact_in_cup_c\config.bin/CfgVehicles/Land_HouseV_1I4/HitPoints/Glass_2_hitpoint/DestructionEffects/BrokenGlass6/ (original ca\structures_c\house\housev\config.bin)
23:27:58 Updating base class BrokenGlass1->, by z\LSR\addons\patch_contact_in_cup_c\config.bin/CfgVehicles/Land_HouseV_1I4/HitPoints/Glass_2_hitpoint/DestructionEffects/BrokenGlass7/ (original ca\structures_c\house\housev\config.bin)
23:27:58 Updating base class BrokenGlass1->, by z\LSR\addons\patch_contact_in_cup_c\config.bin/CfgVehicles/Land_HouseV_1I4/HitPoints/Glass_2_hitpoint/DestructionEffects/BrokenGlass1S/ (original ca\structures_c\house\housev\config.bin)
23:27:58 Updating base class BrokenGlass1->, by z\LSR\addons\patch_contact_in_cup_c\config.bin/CfgVehicles/Land_HouseV_1I4/HitPoints/Glass_2_hitpoint/DestructionEffects/BrokenGlass2S/ (original ca\structures_c\house\housev\config.bin)
23:27:58 Updating base class BrokenGlass1->, by z\LSR\addons\patch_contact_in_cup_c\config.bin/CfgVehicles/Land_HouseV_1I4/HitPoints/Glass_2_hitpoint/DestructionEffects/BrokenGlass3S/ (original ca\structures_c\house\housev\config.bin)
23:27:58 Updating base class BrokenGlass1->, by z\LSR\addons\patch_contact_in_cup_c\config.bin/CfgVehicles/Land_HouseV_1I4/HitPoints/Glass_2_hitpoint/DestructionEffects/BrokenGlass4S/ (original ca\structures_c\house\housev\config.bin)
23:27:58 Updating base class BrokenGlass1->, by z\LSR\addons\patch_contact_in_cup_c\config.bin/CfgVehicles/Land_HouseV_1I4/HitPoints/Glass_2_hitpoint/DestructionEffects/BrokenGlass5S/ (original ca\structures_c\house\housev\config.bin)
23:27:58 Updating base class BrokenGlass1->, by z\LSR\addons\patch_contact_in_cup_c\config.bin/CfgVehicles/Land_HouseV_1I4/HitPoints/Glass_2_hitpoint/DestructionEffects/BrokenGlass6S/ (original ca\structures_c\house\housev\config.bin)
23:27:58 Updating base class BrokenGlass1->, by z\LSR\addons\patch_contact_in_cup_c\config.bin/CfgVehicles/Land_HouseV_1I4/HitPoints/Glass_2_hitpoint/DestructionEffects/BrokenGlass7S/ (original ca\structures_c\house\housev\config.bin)
23:27:58 Updating base class Door_1_sound_source->, by z\LSR\addons\patch_contact_in_cup_c\config.bin/CfgVehicles/Land_HouseV_1I4/AnimationSources/Door_2_sound_source/ (original z\LSR\addons\patch_contact_in_cup_c\config.bin)
23:27:58 Updating base class DestructionEffects->, by z\LSR\addons\patch_contact_in_cup_c\config.bin/CfgVehicles/Land_HouseV_1L1/DestructionEffects/ (original ca\structures_c\house\housev\config.bin)
23:27:58 Updating base class DestructionEffects->, by z\LSR\addons\patch_contact_in_cup_c\config.bin/CfgVehicles/Land_HouseV_1L2/DestructionEffects/ (original ca\structures_c\house\housev\config.bin)
23:27:58 Updating base class DestructionEffects->, by z\LSR\addons\patch_contact_in_cup_c\config.bin/CfgVehicles/Land_HouseV_1T/DestructionEffects/ (original ca\structures_c\house\housev\config.bin)
23:27:58 Updating base class DestructionEffects->, by z\LSR\addons\patch_contact_in_cup_c\config.bin/CfgVehicles/Land_HouseV_3I1/DestructionEffects/ (original ca\structures_c\house\housev\config.bin)
23:27:58 Updating base class DestructionEffects->, by z\LSR\addons\patch_contact_in_cup_c\config.bin/CfgVehicles/Land_HouseV_3I2/DestructionEffects/ (original ca\structures_c\house\housev\config.bin)
23:27:58 Updating base class DestructionEffects->, by z\LSR\addons\patch_contact_in_cup_c\config.bin/CfgVehicles/Land_houseV_2T1/DestructionEffects/ (original ca\structures_c\house\housev\config.bin)
23:27:58 Updating base class DestructionEffects->, by z\LSR\addons\patch_contact_in_cup_c\config.bin/CfgVehicles/Land_houseV_2T2/DestructionEffects/ (original ca\structures_c\house\housev\config.bin)
23:27:58 Updating base class DestructionEffects->, by z\LSR\addons\patch_contact_in_cup_c\config.bin/CfgVehicles/Land_HouseV2_01A/DestructionEffects/ (original ca\structures_c\house\housev2\config.bin)
23:27:58 Updating base class DestructionEffects->, by z\LSR\addons\patch_contact_in_cup_c\config.bin/CfgVehicles/Land_HouseV2_01B/DestructionEffects/ (original ca\structures_c\house\housev2\config.bin)
23:27:58 Updating base class DestructionEffects->, by z\LSR\addons\patch_contact_in_cup_c\config.bin/CfgVehicles/Land_HouseV2_03_dam/DestructionEffects/ (original ca\structures_c\house\housev2\config.bin)
23:27:58 Updating base class DestructionEffects->, by z\LSR\addons\patch_contact_in_cup_c\config.bin/CfgVehicles/Land_Church_02/DestructionEffects/ (original ca\structures_c\house\church_02\config.bin)
23:27:58 Updating base class DestructionEffects->, by z\LSR\addons\patch_contact_in_cup_c\config.bin/CfgVehicles/Land_Church_01/DestructionEffects/ (original ca\buildings2_c\church_01\config.bin)
23:27:58 Updating base class DestructionEffects->, by z\LSR\addons\patch_contact_in_cup_c\config.bin/CfgVehicles/Land_Mil_Guardhouse_no_interior_CUP/DestructionEffects/ (original ca\structures_c\mil\config.bin)
23:27:58 Updating base class DestructionEffects->, by z\LSR\addons\patch_contact_in_cup_c\config.bin/CfgVehicles/Land_Mil_Guardhouse_no_interior_EP1_CUP/DestructionEffects/ (original ca\structures_e_c\mil\config.bin)
23:27:58 Updating base class DestructionEffects->, by z\LSR\addons\patch_contact_in_cup_c\config.bin/CfgVehicles/Land_Misc_WaterStation/DestructionEffects/ (original ca\buildings2_c\misc_waterstation\config.bin)
23:27:59 Updating base class ->vest_camo_base, by a3\characters_f_enoch\vests\config.bin/CfgWeapons/V_CarrierRigKBT_01_base_F/ (original a3\characters_f_enoch\vests\config.bin)
23:27:59 Updating base class ->OM_Office, by a3\missions_f_oldman\config.bin/CfgVehicles/Item_Files/ (original a3\missions_f_oldman\config.bin)
23:27:59 Updating base class Overcast->, by bp_sw\bp_sw_enochLighting\config.bin/CfgWorlds/CAWorld/Weather/Overcast/ (original (a3\map_data\config.bin - no unload))
23:27:59 Updating base class ->Overcast, by bp_sw\bp_sw_lighting\config.bin/CfgWorlds/CAWorld/Weather/Overcast/ (original (a3\map_data\config.bin - no unload))
23:27:59 Updating base class Weather6->Weather5, by bp_sw\bp_sw_lighting\config.bin/CfgWorlds/Stratis/Weather/Overcast/Weather6/ (original a3\map_stratis\config.bin)
23:27:59 Updating base class CfgEnvSounds->EnvSounds, by bp_sw\bp_sw_lighting\config.bin/CfgWorlds/Stratis/EnvSounds/ (original CUP\Terrains\cup_terrains_worlds\envsounds\config.bin)
23:27:59 Updating base class Weather6->Weather5, by bp_sw\bp_sw_lighting\config.bin/CfgWorlds/Altis/Weather/Overcast/Weather6/ (original a3\map_altis\config.bin)
23:27:59 Updating base class CfgEnvSounds->EnvSounds, by bp_sw\bp_sw_lighting\config.bin/CfgWorlds/Altis/EnvSounds/ (original CUP\Terrains\cup_terrains_worlds\envsounds\config.bin)
23:27:59 Updating base class Weather6->Weather5, by bp_sw\bp_sw_lighting\config.bin/CfgWorlds/Tanoa/Weather/Overcast/Weather6/ (original a3\map_tanoabuka\config.bin)
23:27:59 Updating base class Weather6->Weather5, by bp_sw\bp_sw_lighting\config.bin/CfgWorlds/Malden/Weather/Overcast/Weather6/ (original a3\map_malden\config.bin)
23:27:59 Updating base class ->B_officer_F, by a3\characters_f_aow\config.bin/CfgVehicles/B_Officer_Parade_F/ (original a3\characters_f_aow\config.bin)
23:27:59 Updating base class ->I_officer_F, by a3\characters_f_aow\config.bin/CfgVehicles/I_Officer_Parade_F/ (original a3\characters_f_aow\config.bin)
23:27:59 Updating base class ->O_officer_F, by a3\characters_f_aow\config.bin/CfgVehicles/O_Officer_Parade_F/ (original a3\characters_f_aow\config.bin)
23:28:00 Updating base class ->O_MBT_02_railgun_base_F, by a3\armor_f_decade\mbt_02\config.bin/CfgVehicles/O_MBT_02_railgun_F/ (original a3\armor_f_decade\mbt_02\config.bin)
23:28:00 Updating base class ->asdg_SlotInfo, by x\cba\addons\jr\config.bin/asdg_OpticRail/ (original x\cba\addons\jr\config.bin)
23:28:00 Updating base class ->asdg_SlotInfo, by x\cba\addons\jr\config.bin/asdg_MuzzleSlot/ (original x\cba\addons\jr\config.bin)
23:28:00 Updating base class ->asdg_SlotInfo, by x\cba\addons\jr\config.bin/asdg_UnderSlot/ (original x\cba\addons\jr\config.bin)
23:28:00 Updating base class ->asdg_OpticRail1913, by x\cba\addons\jr\config.bin/asdg_OpticRail1913_short/ (original x\cba\addons\jr\config.bin)
23:28:00 Updating base class ->asdg_MuzzleSlot, by x\cba\addons\jr\config.bin/asdg_MuzzleSlot_762/ (original x\cba\addons\jr\config.bin)
23:28:00 Updating base class Turrets->Turrets, by z\ace\addons\vehicles\config.bin/CfgVehicles/Boat_Armed_01_base_F/Turrets/ (original a3\boat_f\boat_armed_01\config.bin)
23:28:02 Updating base class BagFence_base_F->ACE_envelope_small, by x\grad_trenches\addons\functions\config.bin/CfgVehicles/ACE_envelope_big/ (original (z\ace\addons\trenches\config.bin - no unload))
23:28:02 Updating base class BagFence_base_F->ACE_envelope_big, by x\grad_trenches\addons\functions\config.bin/CfgVehicles/GRAD_envelope_giant/ (original x\grad_trenches\addons\assets\config.bin)
23:28:02 Updating base class BagFence_base_F->ACE_envelope_big, by x\grad_trenches\addons\functions\config.bin/CfgVehicles/GRAD_envelope_vehicle/ (original x\grad_trenches\addons\assets\config.bin)
23:28:02 Updating base class BagFence_base_F->ACE_envelope_big, by x\grad_trenches\addons\functions\config.bin/CfgVehicles/GRAD_envelope_short/ (original x\grad_trenches\addons\assets\config.bin)
23:28:02 Updating base class BagFence_base_F->ACE_envelope_big, by x\grad_trenches\addons\functions\config.bin/CfgVehicles/GRAD_envelope_long/ (original x\grad_trenches\addons\assets\config.bin)
23:28:06 Updating base class ->basesoundmodetype, by jsrs_2025\sounds_f_jsrs2025_cup_weapons\config.bin/cfgweapons/CUP_Vmlauncher_Igla_twice_veh/standardsound/ (original CUP\Weapons\CUP_Weapons_VehicleWeapons\config.bin)
23:28:17 Updating base class ->cup_cessna_base, by CUP\AirVehicles\CUP_AirVehicles_Cessna\config.bin/CfgVehicles/CUP_C_CESSNA_CIV/ (original CUP\AirVehicles\CUP_AirVehicles_Cessna\config.bin)
23:28:17 Updating base class ->cup_cessna_t41_armed_base, by CUP\AirVehicles\CUP_AirVehicles_Cessna\config.bin/CfgVehicles/CUP_I_CESSNA_T41_ARMED_ION/ (original CUP\AirVehicles\CUP_AirVehicles_Cessna\config.bin)
23:28:18 Updating base class ->CUP_Uh60S_Base, by CUP\AirVehicles\CUP_AirVehicles_UH60\config.bin/CfgVehicles/CUP_B_UH60S_USN/ (original CUP\AirVehicles\CUP_AirVehicles_UH60\config.bin)
23:28:18 Updating base class ->CUP_UH60_Unarmed_Base, by CUP\AirVehicles\CUP_AirVehicles_UH60\config.bin/CfgVehicles/CUP_MH60S_Unarmed_USN/ (original CUP\AirVehicles\CUP_AirVehicles_UH60\config.bin)
23:28:18 Updating base class ->CUP_MH60S_Unarmed_FFV_Base, by CUP\AirVehicles\CUP_AirVehicles_UH60\config.bin/CfgVehicles/CUP_MH60S_Unarmed_FFV_USN/ (original CUP\AirVehicles\CUP_AirVehicles_UH60\config.bin)
23:28:21 ragdollHitDmgLimit (-1.000000) is lower than minimum (0.010000) and it was set to min.
23:28:21 Initializing Steam Manager
23:28:21 Starting initial content check.
23:28:21 Steam Manager initialized.
23:28:21 
23:28:21 ==== Loaded addons ====
23:28:21 
23:28:21 dta\bin.pbo - 152405
23:28:21 dta\core.pbo - 129618
23:28:21 dta\languagecore_f.pbo - 150993
23:28:21 D:\PROGRAMAS\archivos de programa\A3UE\NARCOS\build\a3ue_narcos\addons\core.pbo - unknown
23:28:21 D:\PROGRAMAS\archivos de programa\A3UE\NARCOS\build\a3ue_narcos\addons\templates.pbo - unknown
23:28:21 D:\PROGRAMAS\archivos de programa\A3UE\NARCOS\build\a3ue_narcos\addons\ultimate.pbo - unknown
23:28:21 C:\SteamLibrary\steamapps\common\Arma 3\!Workshop\@Drongos Command Enhancement\addons\dce.pbo - unknown
23:28:21 C:\SteamLibrary\steamapps\common\Arma 3\!Workshop\@Loot to vehicle\addons\loottovehicle.pbo - unknown
23:28:21 C:\SteamLibrary\steamapps\common\Arma 3\!Workshop\@Hate's Digital Camera\addons\dslr.pbo - unknown
23:28:21 C:\SteamLibrary\steamapps\common\Arma 3\!Workshop\@ACE Grenades in hatches - Tweaked\addons\grenades_hatches_main.pbo - 1.2.7.0-871d93e0
23:28:21 C:\SteamLibrary\steamapps\common\Arma 3\!Workshop\@Real Lighting and Weather\addons\bp_sw_enochlighting.pbo - 22051922
23:28:21 C:\SteamLibrary\steamapps\common\Arma 3\!Workshop\@Real Lighting and Weather\addons\bp_sw_lighting.pbo - 22061218
23:28:21 C:\SteamLibrary\steamapps\common\Arma 3\!Workshop\@Real Lighting and Weather\addons\rw_effects.pbo - 22120103
23:28:21 C:\SteamLibrary\steamapps\common\Arma 3\!Workshop\@Go Go Go & Move Faster Modes\addons\ibragim_gogogo_mode.pbo - unknown
23:28:21 C:\SteamLibrary\steamapps\common\Arma 3\!Workshop\@Gruppe Adler Trenches\addons\grad_trenches_assets.pbo - 1.6.9.7-cb40083a
23:28:21 C:\SteamLibrary\steamapps\common\Arma 3\!Workshop\@Gruppe Adler Trenches\addons\grad_trenches_functions.pbo - 1.6.9.7-cb40083a
23:28:21 C:\SteamLibrary\steamapps\common\Arma 3\!Workshop\@Gruppe Adler Trenches\addons\grad_trenches_main.pbo - 1.6.9.7-cb40083a
23:28:21 C:\SteamLibrary\steamapps\common\Arma 3\!Workshop\@Gruppe Adler Trenches\addons\grad_trenches_sounds.pbo - 1.6.9.7-cb40083a
23:28:21 C:\SteamLibrary\steamapps\common\Arma 3\!Workshop\@Hide Among The Grass - HATG\addons\core.pbo - unknown
23:28:21 C:\SteamLibrary\steamapps\common\Arma 3\!Workshop\@Hide Among The Grass - HATG\addons\functions.pbo - unknown
23:28:21 C:\SteamLibrary\steamapps\common\Arma 3\!Workshop\@Hide Among The Grass - HATG\addons\gui.pbo - unknown
23:28:21 C:\SteamLibrary\steamapps\common\Arma 3\!Workshop\@Better Inventory\addons\better_inventory.pbo - Sun Dec 24 23:37:08 2023
23:28:21 C:\SteamLibrary\steamapps\common\Arma 3\!Workshop\@Enhanced Movement Rework\addons\emr_main.pbo - 1.0.4
23:28:21 C:\SteamLibrary\steamapps\common\Arma 3\!Workshop\@JSRS SOUNDMOD 2025 Beta - AiO Compat Files RC2.2\addons\sounds_f_jsrs2025_3cb_baf_vehicles.pbo - 25040617
23:28:21 C:\SteamLibrary\steamapps\common\Arma 3\!Workshop\@JSRS SOUNDMOD 2025 Beta - AiO Compat Files RC2.2\addons\sounds_f_jsrs2025_3cb_baf_weapons.pbo - 25040617
23:28:21 C:\SteamLibrary\steamapps\common\Arma 3\!Workshop\@JSRS SOUNDMOD 2025 Beta - AiO Compat Files RC2.2\addons\sounds_f_jsrs2025_3cb_factions.pbo - 25040617
23:28:21 C:\SteamLibrary\steamapps\common\Arma 3\!Workshop\@JSRS SOUNDMOD 2025 Beta - AiO Compat Files RC2.2\addons\sounds_f_jsrs2025_aegis.pbo - 25040617
23:28:21 C:\SteamLibrary\steamapps\common\Arma 3\!Workshop\@JSRS SOUNDMOD 2025 Beta - AiO Compat Files RC2.2\addons\sounds_f_jsrs2025_aegis_atlas.pbo - 25040617
23:28:21 C:\SteamLibrary\steamapps\common\Arma 3\!Workshop\@JSRS SOUNDMOD 2025 Beta - AiO Compat Files RC2.2\addons\sounds_f_jsrs2025_aegis_opf.pbo - 25040617
23:28:21 C:\SteamLibrary\steamapps\common\Arma 3\!Workshop\@JSRS SOUNDMOD 2025 Beta - AiO Compat Files RC2.2\addons\sounds_f_jsrs2025_csla.pbo - 25040617
23:28:21 C:\SteamLibrary\steamapps\common\Arma 3\!Workshop\@JSRS SOUNDMOD 2025 Beta - AiO Compat Files RC2.2\addons\sounds_f_jsrs2025_cup_vechicles.pbo - 25040617
23:28:21 C:\SteamLibrary\steamapps\common\Arma 3\!Workshop\@JSRS SOUNDMOD 2025 Beta - AiO Compat Files RC2.2\addons\sounds_f_jsrs2025_cup_weapons.pbo - 25040617
23:28:21 C:\SteamLibrary\steamapps\common\Arma 3\!Workshop\@JSRS SOUNDMOD 2025 Beta - AiO Compat Files RC2.2\addons\sounds_f_jsrs2025_gm.pbo - 25040617
23:28:21 C:\SteamLibrary\steamapps\common\Arma 3\!Workshop\@JSRS SOUNDMOD 2025 Beta - AiO Compat Files RC2.2\addons\sounds_f_jsrs2025_jca.pbo - 25040617
23:28:21 C:\SteamLibrary\steamapps\common\Arma 3\!Workshop\@JSRS SOUNDMOD 2025 Beta - AiO Compat Files RC2.2\addons\sounds_f_jsrs2025_jca_m320.pbo - 25040617
23:28:21 C:\SteamLibrary\steamapps\common\Arma 3\!Workshop\@JSRS SOUNDMOD 2025 Beta - AiO Compat Files RC2.2\addons\sounds_f_jsrs2025_niarms_arsenal.pbo - 25040617
23:28:21 C:\SteamLibrary\steamapps\common\Arma 3\!Workshop\@JSRS SOUNDMOD 2025 Beta - AiO Compat Files RC2.2\addons\sounds_f_jsrs2025_rf.pbo - 25040617
23:28:21 C:\SteamLibrary\steamapps\common\Arma 3\!Workshop\@JSRS SOUNDMOD 2025 Beta - AiO Compat Files RC2.2\addons\sounds_f_jsrs2025_rhs_afrf.pbo - 25040617
23:28:21 C:\SteamLibrary\steamapps\common\Arma 3\!Workshop\@JSRS SOUNDMOD 2025 Beta - AiO Compat Files RC2.2\addons\sounds_f_jsrs2025_rhs_gref.pbo - 25040617
23:28:21 C:\SteamLibrary\steamapps\common\Arma 3\!Workshop\@JSRS SOUNDMOD 2025 Beta - AiO Compat Files RC2.2\addons\sounds_f_jsrs2025_rhs_saf.pbo - 25040617
23:28:21 C:\SteamLibrary\steamapps\common\Arma 3\!Workshop\@JSRS SOUNDMOD 2025 Beta - AiO Compat Files RC2.2\addons\sounds_f_jsrs2025_rhs_usf.pbo - 25040617
23:28:21 C:\SteamLibrary\steamapps\common\Arma 3\!Workshop\@JSRS SOUNDMOD 2025 Beta - AiO Compat Files RC2.2\addons\sounds_f_jsrs2025_ws.pbo - 25040617
23:28:21 C:\SteamLibrary\steamapps\common\Arma 3\!Workshop\@JSRS SOUNDMOD 2025 Beta - RC2.2\addons\sounds_f_jsrs2025.pbo - 25040617
23:28:21 C:\SteamLibrary\steamapps\common\Arma 3\!Workshop\@JSRS SOUNDMOD 2025 Beta - RC2.2\addons\sounds_f_jsrs2025_c.pbo - 25040617
23:28:21 C:\SteamLibrary\steamapps\common\Arma 3\!Workshop\@Cytech Gamemode Vehicles\addons\cytech_rt_vehicles.pbo - Sat Oct 01 19:58:36 2022
23:28:21 C:\SteamLibrary\steamapps\common\Arma 3\!Workshop\@Toyota's Of War (2016 Hilux)\addons\rt_hilux_tow.pbo - Sat Nov 26 01:20:37 2022
23:28:21 C:\SteamLibrary\steamapps\common\Arma 3\!Workshop\@Toyota's Of War (Core)\addons\rt_core_tow.pbo - Fri Nov 25 18:34:21 2022
23:28:21 C:\SteamLibrary\steamapps\common\Arma 3\!Workshop\@BRAF - Brazilian Armed Forces A3\addons\braf_air.pbo - 24122616
23:28:21 C:\SteamLibrary\steamapps\common\Arma 3\!Workshop\@BRAF - Brazilian Armed Forces A3\addons\braf_air2.pbo - 24122717
23:28:21 C:\SteamLibrary\steamapps\common\Arma 3\!Workshop\@BRAF - Brazilian Armed Forces A3\addons\braf_armored.pbo - 24122622
23:28:21 C:\SteamLibrary\steamapps\common\Arma 3\!Workshop\@BRAF - Brazilian Armed Forces A3\addons\braf_boat.pbo - 24122617
23:28:21 C:\SteamLibrary\steamapps\common\Arma 3\!Workshop\@BRAF - Brazilian Armed Forces A3\addons\braf_characters_army.pbo - 24122621
23:28:21 C:\SteamLibrary\steamapps\common\Arma 3\!Workshop\@BRAF - Brazilian Armed Forces A3\addons\braf_characters_aviation.pbo - 24122807
23:28:21 C:\SteamLibrary\steamapps\common\Arma 3\!Workshop\@BRAF - Brazilian Armed Forces A3\addons\braf_characters_backpack.pbo - 24122613
23:28:21 C:\SteamLibrary\steamapps\common\Arma 3\!Workshop\@BRAF - Brazilian Armed Forces A3\addons\braf_characters_binfa.pbo - 24122613
23:28:21 C:\SteamLibrary\steamapps\common\Arma 3\!Workshop\@BRAF - Brazilian Armed Forces A3\addons\braf_characters_headgear.pbo - 24122623
23:28:21 C:\SteamLibrary\steamapps\common\Arma 3\!Workshop\@BRAF - Brazilian Armed Forces A3\addons\braf_characters_marine.pbo - 24122613
23:28:21 C:\SteamLibrary\steamapps\common\Arma 3\!Workshop\@BRAF - Brazilian Armed Forces A3\addons\braf_characters_vest.pbo - 24122614
23:28:21 C:\SteamLibrary\steamapps\common\Arma 3\!Workshop\@BRAF - Brazilian Armed Forces A3\addons\braf_damage.pbo - 24112210
23:28:21 C:\SteamLibrary\steamapps\common\Arma 3\!Workshop\@BRAF - Brazilian Armed Forces A3\addons\braf_hurt.pbo - 24112210
23:28:21 C:\SteamLibrary\steamapps\common\Arma 3\!Workshop\@BRAF - Brazilian Armed Forces A3\addons\braf_insignia.pbo - 24122622
23:28:21 C:\SteamLibrary\steamapps\common\Arma 3\!Workshop\@BRAF - Brazilian Armed Forces A3\addons\braf_main.pbo - 24122810
23:28:21 C:\SteamLibrary\steamapps\common\Arma 3\!Workshop\@BRAF - Brazilian Armed Forces A3\addons\braf_sar.pbo - 24112210
23:28:21 C:\SteamLibrary\steamapps\common\Arma 3\!Workshop\@BRAF - Brazilian Armed Forces A3\addons\braf_soft.pbo - 24122622
23:28:21 C:\SteamLibrary\steamapps\common\Arma 3\!Workshop\@BRAF - Brazilian Armed Forces A3\addons\braf_sounds.pbo - 24112211
23:28:21 C:\SteamLibrary\steamapps\common\Arma 3\!Workshop\@BRAF - Brazilian Armed Forces A3\addons\braf_static.pbo - 24122622
23:28:21 C:\SteamLibrary\steamapps\common\Arma 3\!Workshop\@BRAF - Brazilian Armed Forces A3\addons\braf_static_anim.pbo - 24112211
23:28:21 C:\SteamLibrary\steamapps\common\Arma 3\!Workshop\@BRAF - Brazilian Armed Forces A3\addons\braf_structures.pbo - 24122623
23:28:21 C:\SteamLibrary\steamapps\common\Arma 3\!Workshop\@BRAF - Brazilian Armed Forces A3\addons\braf_structures_ammoboxes.pbo - 24122614
23:28:21 C:\SteamLibrary\steamapps\common\Arma 3\!Workshop\@BRAF - Brazilian Armed Forces A3\addons\braf_structures_land.pbo - 24112211
23:28:21 C:\SteamLibrary\steamapps\common\Arma 3\!Workshop\@BRAF - Brazilian Armed Forces A3\addons\braf_weapons_anim.pbo - 24112211
23:28:21 C:\SteamLibrary\steamapps\common\Arma 3\!Workshop\@BRAF - Brazilian Armed Forces A3\addons\braf_weapons_assault_rifles.pbo - 24122614
23:28:21 C:\SteamLibrary\steamapps\common\Arma 3\!Workshop\@BRAF - Brazilian Armed Forces A3\addons\braf_weapons_attach_side.pbo - 24122614
23:28:21 C:\SteamLibrary\steamapps\common\Arma 3\!Workshop\@BRAF - Brazilian Armed Forces A3\addons\braf_weapons_core.pbo - 24112211
23:28:21 C:\SteamLibrary\steamapps\common\Arma 3\!Workshop\@BRAF - Brazilian Armed Forces A3\addons\braf_weapons_launchers.pbo - 24122614
23:28:21 C:\SteamLibrary\steamapps\common\Arma 3\!Workshop\@BRAF - Brazilian Armed Forces A3\addons\braf_weapons_machine_guns.pbo - 24122614
23:28:21 C:\SteamLibrary\steamapps\common\Arma 3\!Workshop\@BRAF - Brazilian Armed Forces A3\addons\braf_weapons_muzzle.pbo - 24122614
23:28:21 C:\SteamLibrary\steamapps\common\Arma 3\!Workshop\@BRAF - Brazilian Armed Forces A3\addons\braf_weapons_pistols.pbo - 24122614
23:28:21 C:\SteamLibrary\steamapps\common\Arma 3\!Workshop\@BRAF - Brazilian Armed Forces A3\addons\braf_weapons_scopes.pbo - 24122623
23:28:21 C:\SteamLibrary\steamapps\common\Arma 3\!Workshop\@BRAF - Brazilian Armed Forces A3\addons\braf_weapons_shotguns.pbo - 24122614
23:28:21 C:\SteamLibrary\steamapps\common\Arma 3\!Workshop\@BRAF - Brazilian Armed Forces A3\addons\braf_weapons_smg.pbo - 24122614
23:28:21 C:\SteamLibrary\steamapps\common\Arma 3\!Workshop\@BRAF - Brazilian Armed Forces A3\addons\braf_weapons_sniper_rifles.pbo - 24122614
23:28:21 C:\SteamLibrary\steamapps\common\Arma 3\!Workshop\@BRAF - Brazilian Armed Forces A3\addons\braf_weapons_sound.pbo - 24112211
23:28:21 C:\SteamLibrary\steamapps\common\Arma 3\!Workshop\@A3UE BLN Rebel faction\addons\core.pbo - unknown
23:28:21 C:\SteamLibrary\steamapps\common\Arma 3\!Workshop\@A3UE BLN Rebel faction\addons\templates.pbo - unknown
23:28:21 C:\SteamLibrary\steamapps\common\Arma 3\!Workshop\@A3UE BLN Rebel faction\addons\ultimate.pbo - unknown
23:28:21 C:\SteamLibrary\steamapps\common\Arma 3\!Workshop\@Interiors for CUP\addons\lsr_contact_in_cup_aesthetics_c.pbo - unknown
23:28:21 C:\SteamLibrary\steamapps\common\Arma 3\!Workshop\@Interiors for CUP\addons\lsr_main.pbo - unknown
23:28:21 C:\SteamLibrary\steamapps\common\Arma 3\!Workshop\@Interiors for CUP\addons\lsr_patch_contact_in_cup_c.pbo - unknown
23:28:21 C:\SteamLibrary\steamapps\common\Arma 3\!Workshop\@Interiors for CUP\addons\lsr_patch_contact_in_cup_fixes_c.pbo - unknown
23:28:21 C:\SteamLibrary\steamapps\common\Arma 3\!Workshop\@Interiors for CUP\addons\lsr_remove_floating_signs.pbo - unknown
23:28:21 C:\SteamLibrary\steamapps\common\Arma 3\!Workshop\@Death and Hit reactions\addons\wbk_dah_anims.pbo - unknown
23:28:21 C:\SteamLibrary\steamapps\common\Arma 3\!Workshop\@Zeus Enhanced\addons\zen_ai.pbo - 1.15.1.36
23:28:21 C:\SteamLibrary\steamapps\common\Arma 3\!Workshop\@Zeus Enhanced\addons\zen_area_markers.pbo - 1.15.1.36
23:28:21 C:\SteamLibrary\steamapps\common\Arma 3\!Workshop\@Zeus Enhanced\addons\zen_attached_objects.pbo - 1.15.1.36
23:28:21 C:\SteamLibrary\steamapps\common\Arma 3\!Workshop\@Zeus Enhanced\addons\zen_attributes.pbo - 1.15.1.36
23:28:21 C:\SteamLibrary\steamapps\common\Arma 3\!Workshop\@Zeus Enhanced\addons\zen_building_markers.pbo - 1.15.1.36
23:28:21 C:\SteamLibrary\steamapps\common\Arma 3\!Workshop\@Zeus Enhanced\addons\zen_camera.pbo - 1.15.1.36
23:28:21 C:\SteamLibrary\steamapps\common\Arma 3\!Workshop\@Zeus Enhanced\addons\zen_common.pbo - 1.15.1.36
23:28:21 C:\SteamLibrary\steamapps\common\Arma 3\!Workshop\@Zeus Enhanced\addons\zen_compat_ace.pbo - 1.15.1.36
23:28:21 C:\SteamLibrary\steamapps\common\Arma 3\!Workshop\@Zeus Enhanced\addons\zen_compat_advanced_rappelling.pbo - 1.15.1.36
23:28:21 C:\SteamLibrary\steamapps\common\Arma 3\!Workshop\@Zeus Enhanced\addons\zen_compositions.pbo - 1.15.1.36
23:28:21 C:\SteamLibrary\steamapps\common\Arma 3\!Workshop\@Zeus Enhanced\addons\zen_context_actions.pbo - 1.15.1.36
23:28:21 C:\SteamLibrary\steamapps\common\Arma 3\!Workshop\@Zeus Enhanced\addons\zen_context_menu.pbo - 1.15.1.36
23:28:21 C:\SteamLibrary\steamapps\common\Arma 3\!Workshop\@Zeus Enhanced\addons\zen_cover_map.pbo - 1.15.1.36
23:28:21 C:\SteamLibrary\steamapps\common\Arma 3\!Workshop\@Zeus Enhanced\addons\zen_custom_modules.pbo - 1.15.1.36
23:28:21 C:\SteamLibrary\steamapps\common\Arma 3\!Workshop\@Zeus Enhanced\addons\zen_damage.pbo - 1.15.1.36
23:28:21 C:\SteamLibrary\steamapps\common\Arma 3\!Workshop\@Zeus Enhanced\addons\zen_dialog.pbo - 1.15.1.36
23:28:21 C:\SteamLibrary\steamapps\common\Arma 3\!Workshop\@Zeus Enhanced\addons\zen_doors.pbo - 1.15.1.36
23:28:21 C:\SteamLibrary\steamapps\common\Arma 3\!Workshop\@Zeus Enhanced\addons\zen_editor.pbo - 1.15.1.36
23:28:21 C:\SteamLibrary\steamapps\common\Arma 3\!Workshop\@Zeus Enhanced\addons\zen_editor_previews.pbo - 1.15.1.36
23:28:21 C:\SteamLibrary\steamapps\common\Arma 3\!Workshop\@Zeus Enhanced\addons\zen_faction_filter.pbo - 1.15.1.36
23:28:21 C:\SteamLibrary\steamapps\common\Arma 3\!Workshop\@Zeus Enhanced\addons\zen_flashlight.pbo - 1.15.1.36
23:28:21 C:\SteamLibrary\steamapps\common\Arma 3\!Workshop\@Zeus Enhanced\addons\zen_garage.pbo - 1.15.1.36
23:28:21 C:\SteamLibrary\steamapps\common\Arma 3\!Workshop\@Zeus Enhanced\addons\zen_inventory.pbo - 1.15.1.36
23:28:21 C:\SteamLibrary\steamapps\common\Arma 3\!Workshop\@Zeus Enhanced\addons\zen_loadout.pbo - 1.15.1.36
23:28:21 C:\SteamLibrary\steamapps\common\Arma 3\!Workshop\@Zeus Enhanced\addons\zen_main.pbo - 1.15.1.36
23:28:21 C:\SteamLibrary\steamapps\common\Arma 3\!Workshop\@Zeus Enhanced\addons\zen_markers_tree.pbo - 1.15.1.36
23:28:21 C:\SteamLibrary\steamapps\common\Arma 3\!Workshop\@Zeus Enhanced\addons\zen_modules.pbo - 1.15.1.36
23:28:21 C:\SteamLibrary\steamapps\common\Arma 3\!Workshop\@Zeus Enhanced\addons\zen_music.pbo - 1.15.1.36
23:28:21 C:\SteamLibrary\steamapps\common\Arma 3\!Workshop\@Zeus Enhanced\addons\zen_placement.pbo - 1.15.1.36
23:28:21 C:\SteamLibrary\steamapps\common\Arma 3\!Workshop\@Zeus Enhanced\addons\zen_position_logics.pbo - 1.15.1.36
23:28:21 C:\SteamLibrary\steamapps\common\Arma 3\!Workshop\@Zeus Enhanced\addons\zen_pylons.pbo - 1.15.1.36
23:28:21 C:\SteamLibrary\steamapps\common\Arma 3\!Workshop\@Zeus Enhanced\addons\zen_remote_control.pbo - 1.15.1.36
23:28:21 C:\SteamLibrary\steamapps\common\Arma 3\!Workshop\@Zeus Enhanced\addons\zen_tasks.pbo - 1.15.1.36
23:28:21 C:\SteamLibrary\steamapps\common\Arma 3\!Workshop\@Zeus Enhanced\addons\zen_visibility.pbo - 1.15.1.36
23:28:21 C:\SteamLibrary\steamapps\common\Arma 3\!Workshop\@Zeus Enhanced\addons\zen_vision.pbo - 1.15.1.36
23:28:21 C:\SteamLibrary\steamapps\common\Arma 3\!Workshop\@Enhanced Movement\addons\babe_core.pbo - unknown
23:28:21 C:\SteamLibrary\steamapps\common\Arma 3\!Workshop\@Enhanced Movement\addons\babe_em.pbo - unknown
23:28:21 C:\SteamLibrary\steamapps\common\Arma 3\!Workshop\@Enhanced Movement\addons\babe_int.pbo - unknown
23:28:21 C:\SteamLibrary\steamapps\common\Arma 3\!Workshop\@Max Women Soldiers\addons\max_ws.pbo - unknown
23:28:21 C:\SteamLibrary\steamapps\common\Arma 3\!Workshop\@ace\addons\ace_advanced_ballistics.pbo - 3.19.3.101
23:28:21 C:\SteamLibrary\steamapps\common\Arma 3\!Workshop\@ace\addons\ace_advanced_fatigue.pbo - 3.19.3.101
23:28:21 C:\SteamLibrary\steamapps\common\Arma 3\!Workshop\@ace\addons\ace_advanced_throwing.pbo - 3.19.3.101
23:28:21 C:\SteamLibrary\steamapps\common\Arma 3\!Workshop\@ace\addons\ace_ai.pbo - 3.19.3.101
23:28:21 C:\SteamLibrary\steamapps\common\Arma 3\!Workshop\@ace\addons\ace_aircraft.pbo - 3.19.3.101
23:28:21 C:\SteamLibrary\steamapps\common\Arma 3\!Workshop\@ace\addons\ace_apl.pbo - 3.19.3.101
23:28:21 C:\SteamLibrary\steamapps\common\Arma 3\!Workshop\@ace\addons\ace_arsenal.pbo - 3.19.3.101
23:28:21 C:\SteamLibrary\steamapps\common\Arma 3\!Workshop\@ace\addons\ace_artillerytables.pbo - 3.19.3.101
23:28:21 C:\SteamLibrary\steamapps\common\Arma 3\!Workshop\@ace\addons\ace_atragmx.pbo - 3.19.3.101
23:28:21 C:\SteamLibrary\steamapps\common\Arma 3\!Workshop\@ace\addons\ace_attach.pbo - 3.19.3.101
23:28:21 C:\SteamLibrary\steamapps\common\Arma 3\!Workshop\@ace\addons\ace_backpacks.pbo - 3.19.3.101
23:28:21 C:\SteamLibrary\steamapps\common\Arma 3\!Workshop\@ace\addons\ace_ballistics.pbo - 3.19.3.101
23:28:21 C:\SteamLibrary\steamapps\common\Arma 3\!Workshop\@ace\addons\ace_captives.pbo - 3.19.3.101
23:28:21 C:\SteamLibrary\steamapps\common\Arma 3\!Workshop\@ace\addons\ace_cargo.pbo - 3.19.3.101
23:28:21 C:\SteamLibrary\steamapps\common\Arma 3\!Workshop\@ace\addons\ace_casings.pbo - 3.19.3.101
23:28:21 C:\SteamLibrary\steamapps\common\Arma 3\!Workshop\@ace\addons\ace_chemlights.pbo - 3.19.3.101
23:28:21 C:\SteamLibrary\steamapps\common\Arma 3\!Workshop\@ace\addons\ace_common.pbo - 3.19.3.101
23:28:21 C:\SteamLibrary\steamapps\common\Arma 3\!Workshop\@ace\addons\ace_compat_aegis.pbo - 3.19.3.101
23:28:21 C:\SteamLibrary\steamapps\common\Arma 3\!Workshop\@ace\addons\ace_compat_csla.pbo - 3.19.3.101
23:28:21 C:\SteamLibrary\steamapps\common\Arma 3\!Workshop\@ace\addons\ace_compat_cup_terrains.pbo - 3.19.3.101
23:28:21 C:\SteamLibrary\steamapps\common\Arma 3\!Workshop\@ace\addons\ace_compat_cup_units.pbo - 3.19.3.101
23:28:21 C:\SteamLibrary\steamapps\common\Arma 3\!Workshop\@ace\addons\ace_compat_cup_vehicles.pbo - 3.19.3.101
23:28:21 C:\SteamLibrary\steamapps\common\Arma 3\!Workshop\@ace\addons\ace_compat_cup_weapons.pbo - 3.19.3.101
23:28:21 C:\SteamLibrary\steamapps\common\Arma 3\!Workshop\@ace\addons\ace_compat_ef.pbo - 3.19.3.101
23:28:21 C:\SteamLibrary\steamapps\common\Arma 3\!Workshop\@ace\addons\ace_compat_gm.pbo - 3.19.3.101
23:28:21 C:\SteamLibrary\steamapps\common\Arma 3\!Workshop\@ace\addons\ace_compat_r3f.pbo - 3.19.3.101
23:28:21 C:\SteamLibrary\steamapps\common\Arma 3\!Workshop\@ace\addons\ace_compat_rf.pbo - 3.19.3.101
23:28:21 C:\SteamLibrary\steamapps\common\Arma 3\!Workshop\@ace\addons\ace_compat_rhs_afrf3.pbo - 3.19.3.101
23:28:21 C:\SteamLibrary\steamapps\common\Arma 3\!Workshop\@ace\addons\ace_compat_rhs_gref3.pbo - 3.19.3.101
23:28:21 C:\SteamLibrary\steamapps\common\Arma 3\!Workshop\@ace\addons\ace_compat_rhs_saf3.pbo - 3.19.3.101
23:28:21 C:\SteamLibrary\steamapps\common\Arma 3\!Workshop\@ace\addons\ace_compat_rhs_usf3.pbo - 3.19.3.101
23:28:21 C:\SteamLibrary\steamapps\common\Arma 3\!Workshop\@ace\addons\ace_compat_rh_acc.pbo - 3.19.3.101
23:28:21 C:\SteamLibrary\steamapps\common\Arma 3\!Workshop\@ace\addons\ace_compat_rh_de.pbo - 3.19.3.101
23:28:21 C:\SteamLibrary\steamapps\common\Arma 3\!Workshop\@ace\addons\ace_compat_rh_m4.pbo - 3.19.3.101
23:28:21 C:\SteamLibrary\steamapps\common\Arma 3\!Workshop\@ace\addons\ace_compat_rh_pdw.pbo - 3.19.3.101
23:28:21 C:\SteamLibrary\steamapps\common\Arma 3\!Workshop\@ace\addons\ace_compat_rksl_pm_ii.pbo - 3.19.3.101
23:28:21 C:\SteamLibrary\steamapps\common\Arma 3\!Workshop\@ace\addons\ace_compat_sma3_iansky.pbo - 3.19.3.101
23:28:21 C:\SteamLibrary\steamapps\common\Arma 3\!Workshop\@ace\addons\ace_compat_sog.pbo - 3.19.3.101
23:28:21 C:\SteamLibrary\steamapps\common\Arma 3\!Workshop\@ace\addons\ace_compat_spe.pbo - 3.19.3.101
23:28:21 C:\SteamLibrary\steamapps\common\Arma 3\!Workshop\@ace\addons\ace_compat_ws.pbo - 3.19.3.101
23:28:21 C:\SteamLibrary\steamapps\common\Arma 3\!Workshop\@ace\addons\ace_concertina_wire.pbo - 3.19.3.101
23:28:21 C:\SteamLibrary\steamapps\common\Arma 3\!Workshop\@ace\addons\ace_cookoff.pbo - 3.19.3.101
23:28:21 C:\SteamLibrary\steamapps\common\Arma 3\!Workshop\@ace\addons\ace_csw.pbo - 3.19.3.101
23:28:21 C:\SteamLibrary\steamapps\common\Arma 3\!Workshop\@ace\addons\ace_dagr.pbo - 3.19.3.101
23:28:21 C:\SteamLibrary\steamapps\common\Arma 3\!Workshop\@ace\addons\ace_disarming.pbo - 3.19.3.101
23:28:21 C:\SteamLibrary\steamapps\common\Arma 3\!Workshop\@ace\addons\ace_disposable.pbo - 3.19.3.101
23:28:21 C:\SteamLibrary\steamapps\common\Arma 3\!Workshop\@ace\addons\ace_dogtags.pbo - 3.19.3.101
23:28:21 C:\SteamLibrary\steamapps\common\Arma 3\!Workshop\@ace\addons\ace_dragging.pbo - 3.19.3.101
23:28:21 C:\SteamLibrary\steamapps\common\Arma 3\!Workshop\@ace\addons\ace_dragon.pbo - 3.19.3.101
23:28:21 C:\SteamLibrary\steamapps\common\Arma 3\!Workshop\@ace\addons\ace_explosives.pbo - 3.19.3.101
23:28:21 C:\SteamLibrary\steamapps\common\Arma 3\!Workshop\@ace\addons\ace_fastroping.pbo - 3.19.3.101
23:28:21 C:\SteamLibrary\steamapps\common\Arma 3\!Workshop\@ace\addons\ace_fcs.pbo - 3.19.3.101
23:28:21 C:\SteamLibrary\steamapps\common\Arma 3\!Workshop\@ace\addons\ace_fieldmanual.pbo - 3.19.3.101
23:28:21 C:\SteamLibrary\steamapps\common\Arma 3\!Workshop\@ace\addons\ace_field_rations.pbo - 3.19.3.101
23:28:21 C:\SteamLibrary\steamapps\common\Arma 3\!Workshop\@ace\addons\ace_finger.pbo - 3.19.3.101
23:28:21 C:\SteamLibrary\steamapps\common\Arma 3\!Workshop\@ace\addons\ace_fire.pbo - 3.19.3.101
23:28:21 C:\SteamLibrary\steamapps\common\Arma 3\!Workshop\@ace\addons\ace_flags.pbo - 3.19.3.101
23:28:21 C:\SteamLibrary\steamapps\common\Arma 3\!Workshop\@ace\addons\ace_flashlights.pbo - 3.19.3.101
23:28:21 C:\SteamLibrary\steamapps\common\Arma 3\!Workshop\@ace\addons\ace_flashsuppressors.pbo - 3.19.3.101
23:28:21 C:\SteamLibrary\steamapps\common\Arma 3\!Workshop\@ace\addons\ace_fonts.pbo - 3.19.3.101
23:28:21 C:\SteamLibrary\steamapps\common\Arma 3\!Workshop\@ace\addons\ace_fortify.pbo - 3.19.3.101
23:28:21 C:\SteamLibrary\steamapps\common\Arma 3\!Workshop\@ace\addons\ace_frag.pbo - 3.19.3.101
23:28:21 C:\SteamLibrary\steamapps\common\Arma 3\!Workshop\@ace\addons\ace_gestures.pbo - 3.19.3.101
23:28:21 C:\SteamLibrary\steamapps\common\Arma 3\!Workshop\@ace\addons\ace_gforces.pbo - 3.19.3.101
23:28:21 C:\SteamLibrary\steamapps\common\Arma 3\!Workshop\@ace\addons\ace_goggles.pbo - 3.19.3.101
23:28:21 C:\SteamLibrary\steamapps\common\Arma 3\!Workshop\@ace\addons\ace_grenades.pbo - 3.19.3.101
23:28:21 C:\SteamLibrary\steamapps\common\Arma 3\!Workshop\@ace\addons\ace_gunbag.pbo - 3.19.3.101
23:28:21 C:\SteamLibrary\steamapps\common\Arma 3\!Workshop\@ace\addons\ace_headless.pbo - 3.19.3.101
23:28:21 C:\SteamLibrary\steamapps\common\Arma 3\!Workshop\@ace\addons\ace_hearing.pbo - 3.19.3.101
23:28:21 C:\SteamLibrary\steamapps\common\Arma 3\!Workshop\@ace\addons\ace_hellfire.pbo - 3.19.3.101
23:28:21 C:\SteamLibrary\steamapps\common\Arma 3\!Workshop\@ace\addons\ace_hitreactions.pbo - 3.19.3.101
23:28:21 C:\SteamLibrary\steamapps\common\Arma 3\!Workshop\@ace\addons\ace_hot.pbo - 3.19.3.101
23:28:21 C:\SteamLibrary\steamapps\common\Arma 3\!Workshop\@ace\addons\ace_hunterkiller.pbo - 3.19.3.101
23:28:21 C:\SteamLibrary\steamapps\common\Arma 3\!Workshop\@ace\addons\ace_huntir.pbo - 3.19.3.101
23:28:21 C:\SteamLibrary\steamapps\common\Arma 3\!Workshop\@ace\addons\ace_intelitems.pbo - 3.19.3.101
23:28:21 C:\SteamLibrary\steamapps\common\Arma 3\!Workshop\@ace\addons\ace_interaction.pbo - 3.19.3.101
23:28:21 C:\SteamLibrary\steamapps\common\Arma 3\!Workshop\@ace\addons\ace_interact_menu.pbo - 3.19.3.101
23:28:21 C:\SteamLibrary\steamapps\common\Arma 3\!Workshop\@ace\addons\ace_inventory.pbo - 3.19.3.101
23:28:21 C:\SteamLibrary\steamapps\common\Arma 3\!Workshop\@ace\addons\ace_irlight.pbo - 3.19.3.101
23:28:21 C:\SteamLibrary\steamapps\common\Arma 3\!Workshop\@ace\addons\ace_javelin.pbo - 3.19.3.101
23:28:21 C:\SteamLibrary\steamapps\common\Arma 3\!Workshop\@ace\addons\ace_kestrel4500.pbo - 3.19.3.101
23:28:21 C:\SteamLibrary\steamapps\common\Arma 3\!Workshop\@ace\addons\ace_killtracker.pbo - 3.19.3.101
23:28:21 C:\SteamLibrary\steamapps\common\Arma 3\!Workshop\@ace\addons\ace_laser.pbo - 3.19.3.101
23:28:21 C:\SteamLibrary\steamapps\common\Arma 3\!Workshop\@ace\addons\ace_laserpointer.pbo - 3.19.3.101
23:28:21 C:\SteamLibrary\steamapps\common\Arma 3\!Workshop\@ace\addons\ace_logistics_rope.pbo - 3.19.3.101
23:28:21 C:\SteamLibrary\steamapps\common\Arma 3\!Workshop\@ace\addons\ace_logistics_uavbattery.pbo - 3.19.3.101
23:28:21 C:\SteamLibrary\steamapps\common\Arma 3\!Workshop\@ace\addons\ace_logistics_wirecutter.pbo - 3.19.3.101
23:28:21 C:\SteamLibrary\steamapps\common\Arma 3\!Workshop\@ace\addons\ace_magazinerepack.pbo - 3.19.3.101
23:28:21 C:\SteamLibrary\steamapps\common\Arma 3\!Workshop\@ace\addons\ace_main.pbo - 3.19.3.101
23:28:21 C:\SteamLibrary\steamapps\common\Arma 3\!Workshop\@ace\addons\ace_map.pbo - 3.19.3.101
23:28:21 C:\SteamLibrary\steamapps\common\Arma 3\!Workshop\@ace\addons\ace_maptools.pbo - 3.19.3.101
23:28:21 C:\SteamLibrary\steamapps\common\Arma 3\!Workshop\@ace\addons\ace_map_gestures.pbo - 3.19.3.101
23:28:21 C:\SteamLibrary\steamapps\common\Arma 3\!Workshop\@ace\addons\ace_markers.pbo - 3.19.3.101
23:28:21 C:\SteamLibrary\steamapps\common\Arma 3\!Workshop\@ace\addons\ace_marker_flags.pbo - 3.19.3.101
23:28:21 C:\SteamLibrary\steamapps\common\Arma 3\!Workshop\@ace\addons\ace_markinglaser.pbo - 3.19.3.101
23:28:21 C:\SteamLibrary\steamapps\common\Arma 3\!Workshop\@ace\addons\ace_maverick.pbo - 3.19.3.101
23:28:21 C:\SteamLibrary\steamapps\common\Arma 3\!Workshop\@ace\addons\ace_medical.pbo - 3.19.3.101
23:28:21 C:\SteamLibrary\steamapps\common\Arma 3\!Workshop\@ace\addons\ace_medical_ai.pbo - 3.19.3.101
23:28:21 C:\SteamLibrary\steamapps\common\Arma 3\!Workshop\@ace\addons\ace_medical_blood.pbo - 3.19.3.101
23:28:21 C:\SteamLibrary\steamapps\common\Arma 3\!Workshop\@ace\addons\ace_medical_damage.pbo - 3.19.3.101
23:28:21 C:\SteamLibrary\steamapps\common\Arma 3\!Workshop\@ace\addons\ace_medical_engine.pbo - 3.19.3.101
23:28:21 C:\SteamLibrary\steamapps\common\Arma 3\!Workshop\@ace\addons\ace_medical_feedback.pbo - 3.19.3.101
23:28:21 C:\SteamLibrary\steamapps\common\Arma 3\!Workshop\@ace\addons\ace_medical_gui.pbo - 3.19.3.101
23:28:21 C:\SteamLibrary\steamapps\common\Arma 3\!Workshop\@ace\addons\ace_medical_statemachine.pbo - 3.19.3.101
23:28:21 C:\SteamLibrary\steamapps\common\Arma 3\!Workshop\@ace\addons\ace_medical_status.pbo - 3.19.3.101
23:28:21 C:\SteamLibrary\steamapps\common\Arma 3\!Workshop\@ace\addons\ace_medical_treatment.pbo - 3.19.3.101
23:28:21 C:\SteamLibrary\steamapps\common\Arma 3\!Workshop\@ace\addons\ace_medical_vitals.pbo - 3.19.3.101
23:28:21 C:\SteamLibrary\steamapps\common\Arma 3\!Workshop\@ace\addons\ace_metis.pbo - 3.19.3.101
23:28:21 C:\SteamLibrary\steamapps\common\Arma 3\!Workshop\@ace\addons\ace_microdagr.pbo - 3.19.3.101
23:28:21 C:\SteamLibrary\steamapps\common\Arma 3\!Workshop\@ace\addons\ace_minedetector.pbo - 3.19.3.101
23:28:21 C:\SteamLibrary\steamapps\common\Arma 3\!Workshop\@ace\addons\ace_missileguidance.pbo - 3.19.3.101
23:28:21 C:\SteamLibrary\steamapps\common\Arma 3\!Workshop\@ace\addons\ace_missile_aim120.pbo - 3.19.3.101
23:28:21 C:\SteamLibrary\steamapps\common\Arma 3\!Workshop\@ace\addons\ace_missile_aim9.pbo - 3.19.3.101
23:28:21 C:\SteamLibrary\steamapps\common\Arma 3\!Workshop\@ace\addons\ace_missile_clgp.pbo - 3.19.3.101
23:28:21 C:\SteamLibrary\steamapps\common\Arma 3\!Workshop\@ace\addons\ace_missile_gbu.pbo - 3.19.3.101
23:28:21 C:\SteamLibrary\steamapps\common\Arma 3\!Workshop\@ace\addons\ace_missile_hud.pbo - 3.19.3.101
23:28:21 C:\SteamLibrary\steamapps\common\Arma 3\!Workshop\@ace\addons\ace_missile_manpad.pbo - 3.19.3.101
23:28:21 C:\SteamLibrary\steamapps\common\Arma 3\!Workshop\@ace\addons\ace_missile_sam.pbo - 3.19.3.101
23:28:21 C:\SteamLibrary\steamapps\common\Arma 3\!Workshop\@ace\addons\ace_missile_sdb.pbo - 3.19.3.101
23:28:21 C:\SteamLibrary\steamapps\common\Arma 3\!Workshop\@ace\addons\ace_missile_vikhr.pbo - 3.19.3.101
23:28:21 C:\SteamLibrary\steamapps\common\Arma 3\!Workshop\@ace\addons\ace_missionmodules.pbo - 3.19.3.101
23:28:21 C:\SteamLibrary\steamapps\common\Arma 3\!Workshop\@ace\addons\ace_mk6mortar.pbo - 3.19.3.101
23:28:21 C:\SteamLibrary\steamapps\common\Arma 3\!Workshop\@ace\addons\ace_modules.pbo - 3.19.3.101
23:28:21 C:\SteamLibrary\steamapps\common\Arma 3\!Workshop\@ace\addons\ace_movement.pbo - 3.19.3.101
23:28:21 C:\SteamLibrary\steamapps\common\Arma 3\!Workshop\@ace\addons\ace_mx2a.pbo - 3.19.3.101
23:28:21 C:\SteamLibrary\steamapps\common\Arma 3\!Workshop\@ace\addons\ace_nametags.pbo - 3.19.3.101
23:28:21 C:\SteamLibrary\steamapps\common\Arma 3\!Workshop\@ace\addons\ace_nightvision.pbo - 3.19.3.101
23:28:21 C:\SteamLibrary\steamapps\common\Arma 3\!Workshop\@ace\addons\ace_nlaw.pbo - 3.19.3.101
23:28:21 C:\SteamLibrary\steamapps\common\Arma 3\!Workshop\@ace\addons\ace_noidle.pbo - 3.19.3.101
23:28:21 C:\SteamLibrary\steamapps\common\Arma 3\!Workshop\@ace\addons\ace_noradio.pbo - 3.19.3.101
23:28:21 C:\SteamLibrary\steamapps\common\Arma 3\!Workshop\@ace\addons\ace_norearm.pbo - 3.19.3.101
23:28:21 C:\SteamLibrary\steamapps\common\Arma 3\!Workshop\@ace\addons\ace_novehicleclanlogo.pbo - 3.19.3.101
23:28:21 C:\SteamLibrary\steamapps\common\Arma 3\!Workshop\@ace\addons\ace_optics.pbo - 3.19.3.101
23:28:21 C:\SteamLibrary\steamapps\common\Arma 3\!Workshop\@ace\addons\ace_optionsmenu.pbo - 3.19.3.101
23:28:21 C:\SteamLibrary\steamapps\common\Arma 3\!Workshop\@ace\addons\ace_overheating.pbo - 3.19.3.101
23:28:21 C:\SteamLibrary\steamapps\common\Arma 3\!Workshop\@ace\addons\ace_overpressure.pbo - 3.19.3.101
23:28:21 C:\SteamLibrary\steamapps\common\Arma 3\!Workshop\@ace\addons\ace_parachute.pbo - 3.19.3.101
23:28:21 C:\SteamLibrary\steamapps\common\Arma 3\!Workshop\@ace\addons\ace_pylons.pbo - 3.19.3.101
23:28:21 C:\SteamLibrary\steamapps\common\Arma 3\!Workshop\@ace\addons\ace_quickmount.pbo - 3.19.3.101
23:28:21 C:\SteamLibrary\steamapps\common\Arma 3\!Workshop\@ace\addons\ace_rangecard.pbo - 3.19.3.101
23:28:21 C:\SteamLibrary\steamapps\common\Arma 3\!Workshop\@ace\addons\ace_realisticnames.pbo - 3.19.3.101
23:28:21 C:\SteamLibrary\steamapps\common\Arma 3\!Workshop\@ace\addons\ace_realisticweights.pbo - 3.19.3.101
23:28:21 C:\SteamLibrary\steamapps\common\Arma 3\!Workshop\@ace\addons\ace_rearm.pbo - 3.19.3.101
23:28:21 C:\SteamLibrary\steamapps\common\Arma 3\!Workshop\@ace\addons\ace_recoil.pbo - 3.19.3.101
23:28:21 C:\SteamLibrary\steamapps\common\Arma 3\!Workshop\@ace\addons\ace_refuel.pbo - 3.19.3.101
23:28:21 C:\SteamLibrary\steamapps\common\Arma 3\!Workshop\@ace\addons\ace_reload.pbo - 3.19.3.101
23:28:21 C:\SteamLibrary\steamapps\common\Arma 3\!Workshop\@ace\addons\ace_reloadlaunchers.pbo - 3.19.3.101
23:28:21 C:\SteamLibrary\steamapps\common\Arma 3\!Workshop\@ace\addons\ace_repair.pbo - 3.19.3.101
23:28:21 C:\SteamLibrary\steamapps\common\Arma 3\!Workshop\@ace\addons\ace_respawn.pbo - 3.19.3.101
23:28:21 C:\SteamLibrary\steamapps\common\Arma 3\!Workshop\@ace\addons\ace_safemode.pbo - 3.19.3.101
23:28:21 C:\SteamLibrary\steamapps\common\Arma 3\!Workshop\@ace\addons\ace_sandbag.pbo - 3.19.3.101
23:28:21 C:\SteamLibrary\steamapps\common\Arma 3\!Workshop\@ace\addons\ace_scopes.pbo - 3.19.3.101
23:28:21 C:\SteamLibrary\steamapps\common\Arma 3\!Workshop\@ace\addons\ace_sitting.pbo - 3.19.3.101
23:28:21 C:\SteamLibrary\steamapps\common\Arma 3\!Workshop\@ace\addons\ace_slideshow.pbo - 3.19.3.101
23:28:21 C:\SteamLibrary\steamapps\common\Arma 3\!Workshop\@ace\addons\ace_smallarms.pbo - 3.19.3.101
23:28:21 C:\SteamLibrary\steamapps\common\Arma 3\!Workshop\@ace\addons\ace_spectator.pbo - 3.19.3.101
23:28:21 C:\SteamLibrary\steamapps\common\Arma 3\!Workshop\@ace\addons\ace_spottingscope.pbo - 3.19.3.101
23:28:21 C:\SteamLibrary\steamapps\common\Arma 3\!Workshop\@ace\addons\ace_switchunits.pbo - 3.19.3.101
23:28:21 C:\SteamLibrary\steamapps\common\Arma 3\!Workshop\@ace\addons\ace_tacticalladder.pbo - 3.19.3.101
23:28:21 C:\SteamLibrary\steamapps\common\Arma 3\!Workshop\@ace\addons\ace_tagging.pbo - 3.19.3.101
23:28:21 C:\SteamLibrary\steamapps\common\Arma 3\!Workshop\@ace\addons\ace_thermals.pbo - 3.19.3.101
23:28:21 C:\SteamLibrary\steamapps\common\Arma 3\!Workshop\@ace\addons\ace_towing.pbo - 3.19.3.101
23:28:21 C:\SteamLibrary\steamapps\common\Arma 3\!Workshop\@ace\addons\ace_trenches.pbo - 3.19.3.101
23:28:21 C:\SteamLibrary\steamapps\common\Arma 3\!Workshop\@ace\addons\ace_tripod.pbo - 3.19.3.101
23:28:21 C:\SteamLibrary\steamapps\common\Arma 3\!Workshop\@ace\addons\ace_ui.pbo - 3.19.3.101
23:28:21 C:\SteamLibrary\steamapps\common\Arma 3\!Workshop\@ace\addons\ace_vector.pbo - 3.19.3.101
23:28:21 C:\SteamLibrary\steamapps\common\Arma 3\!Workshop\@ace\addons\ace_vehiclelock.pbo - 3.19.3.101
23:28:21 C:\SteamLibrary\steamapps\common\Arma 3\!Workshop\@ace\addons\ace_vehicles.pbo - 3.19.3.101
23:28:21 C:\SteamLibrary\steamapps\common\Arma 3\!Workshop\@ace\addons\ace_vehicle_damage.pbo - 3.19.3.101
23:28:21 C:\SteamLibrary\steamapps\common\Arma 3\!Workshop\@ace\addons\ace_viewdistance.pbo - 3.19.3.101
23:28:21 C:\SteamLibrary\steamapps\common\Arma 3\!Workshop\@ace\addons\ace_viewports.pbo - 3.19.3.101
23:28:21 C:\SteamLibrary\steamapps\common\Arma 3\!Workshop\@ace\addons\ace_viewrestriction.pbo - 3.19.3.101
23:28:21 C:\SteamLibrary\steamapps\common\Arma 3\!Workshop\@ace\addons\ace_volume.pbo - 3.19.3.101
23:28:21 C:\SteamLibrary\steamapps\common\Arma 3\!Workshop\@ace\addons\ace_weaponselect.pbo - 3.19.3.101
23:28:21 C:\SteamLibrary\steamapps\common\Arma 3\!Workshop\@ace\addons\ace_weather.pbo - 3.19.3.101
23:28:21 C:\SteamLibrary\steamapps\common\Arma 3\!Workshop\@ace\addons\ace_winddeflection.pbo - 3.19.3.101
23:28:21 C:\SteamLibrary\steamapps\common\Arma 3\!Workshop\@ace\addons\ace_xm157.pbo - 3.19.3.101
23:28:21 C:\SteamLibrary\steamapps\common\Arma 3\!Workshop\@ace\addons\ace_yardage450.pbo - 3.19.3.101
23:28:21 C:\SteamLibrary\steamapps\common\Arma 3\!Workshop\@ace\addons\ace_zeus.pbo - 3.19.3.101
23:28:21 C:\SteamLibrary\steamapps\common\Arma 3\!Workshop\@Antistasi Ultimate - Mod\addons\config_fixes.pbo - unknown
23:28:21 C:\SteamLibrary\steamapps\common\Arma 3\!Workshop\@Antistasi Ultimate - Mod\addons\core.pbo - unknown
23:28:21 C:\SteamLibrary\steamapps\common\Arma 3\!Workshop\@Antistasi Ultimate - Mod\addons\events.pbo - unknown
23:28:21 C:\SteamLibrary\steamapps\common\Arma 3\!Workshop\@Antistasi Ultimate - Mod\addons\garage.pbo - unknown
23:28:21 C:\SteamLibrary\steamapps\common\Arma 3\!Workshop\@Antistasi Ultimate - Mod\addons\gui.pbo - unknown
23:28:21 C:\SteamLibrary\steamapps\common\Arma 3\!Workshop\@Antistasi Ultimate - Mod\addons\hals.pbo - unknown
23:28:21 C:\SteamLibrary\steamapps\common\Arma 3\!Workshop\@Antistasi Ultimate - Mod\addons\jeroen_arsenal.pbo - unknown
23:28:21 C:\SteamLibrary\steamapps\common\Arma 3\!Workshop\@Antistasi Ultimate - Mod\addons\logistics.pbo - unknown
23:28:21 C:\SteamLibrary\steamapps\common\Arma 3\!Workshop\@Antistasi Ultimate - Mod\addons\main_menu.pbo - unknown
23:28:21 C:\SteamLibrary\steamapps\common\Arma 3\!Workshop\@Antistasi Ultimate - Mod\addons\maps.pbo - unknown
23:28:21 C:\SteamLibrary\steamapps\common\Arma 3\!Workshop\@Antistasi Ultimate - Mod\addons\patcom.pbo - unknown
23:28:21 C:\SteamLibrary\steamapps\common\Arma 3\!Workshop\@Antistasi Ultimate - Mod\addons\scrt.pbo - unknown
23:28:21 C:\SteamLibrary\steamapps\common\Arma 3\!Workshop\@Antistasi Ultimate - Mod\addons\ultimate.pbo - unknown
23:28:21 C:\SteamLibrary\steamapps\common\Arma 3\!Workshop\@CUP Vehicles\addons\cup_airvehicles_412.pbo - 24042201
23:28:21 C:\SteamLibrary\steamapps\common\Arma 3\!Workshop\@CUP Vehicles\addons\cup_airvehicles_a10.pbo - 24042201
23:28:21 C:\SteamLibrary\steamapps\common\Arma 3\!Workshop\@CUP Vehicles\addons\cup_airvehicles_ah1z.pbo - 24042201
23:28:21 C:\SteamLibrary\steamapps\common\Arma 3\!Workshop\@CUP Vehicles\addons\cup_airvehicles_ah6.pbo - 24042201
23:28:21 C:\SteamLibrary\steamapps\common\Arma 3\!Workshop\@CUP Vehicles\addons\cup_airvehicles_ah64.pbo - 24042201
23:28:21 C:\SteamLibrary\steamapps\common\Arma 3\!Workshop\@CUP Vehicles\addons\cup_airvehicles_ambientplanes.pbo - 24042201
23:28:21 C:\SteamLibrary\steamapps\common\Arma 3\!Workshop\@CUP Vehicles\addons\cup_airvehicles_an2.pbo - 24042201
23:28:21 C:\SteamLibrary\steamapps\common\Arma 3\!Workshop\@CUP Vehicles\addons\cup_airvehicles_av8b.pbo - 24042201
23:28:21 C:\SteamLibrary\steamapps\common\Arma 3\!Workshop\@CUP Vehicles\addons\cup_airvehicles_aw159.pbo - 24042201
23:28:21 C:\SteamLibrary\steamapps\common\Arma 3\!Workshop\@CUP Vehicles\addons\cup_airvehicles_c130j.pbo - 24042202
23:28:21 C:\SteamLibrary\steamapps\common\Arma 3\!Workshop\@CUP Vehicles\addons\cup_airvehicles_cessna.pbo - 24042201
23:28:21 C:\SteamLibrary\steamapps\common\Arma 3\!Workshop\@CUP Vehicles\addons\cup_airvehicles_ch47.pbo - 24042201
23:28:21 C:\SteamLibrary\steamapps\common\Arma 3\!Workshop\@CUP Vehicles\addons\cup_airvehicles_ch53e.pbo - 24042201
23:28:21 C:\SteamLibrary\steamapps\common\Arma 3\!Workshop\@CUP Vehicles\addons\cup_airvehicles_core.pbo - 24042201
23:28:21 C:\SteamLibrary\steamapps\common\Arma 3\!Workshop\@CUP Vehicles\addons\cup_airvehicles_dc3.pbo - 24042201
23:28:21 C:\SteamLibrary\steamapps\common\Arma 3\!Workshop\@CUP Vehicles\addons\cup_airvehicles_f35.pbo - 24042201
23:28:21 C:\SteamLibrary\steamapps\common\Arma 3\!Workshop\@CUP Vehicles\addons\cup_airvehicles_hc3.pbo - 24042201
23:28:21 C:\SteamLibrary\steamapps\common\Arma 3\!Workshop\@CUP Vehicles\addons\cup_airvehicles_jas39.pbo - 24042201
23:28:21 C:\SteamLibrary\steamapps\common\Arma 3\!Workshop\@CUP Vehicles\addons\cup_airvehicles_ka50.pbo - 24042202
23:28:21 C:\SteamLibrary\steamapps\common\Arma 3\!Workshop\@CUP Vehicles\addons\cup_airvehicles_ka52.pbo - 24042201
23:28:21 C:\SteamLibrary\steamapps\common\Arma 3\!Workshop\@CUP Vehicles\addons\cup_airvehicles_ka60.pbo - 24042201
23:28:21 C:\SteamLibrary\steamapps\common\Arma 3\!Workshop\@CUP Vehicles\addons\cup_airvehicles_l39.pbo - 24042201
23:28:21 C:\SteamLibrary\steamapps\common\Arma 3\!Workshop\@CUP Vehicles\addons\cup_airvehicles_loadorder.pbo - 24042201
23:28:21 C:\SteamLibrary\steamapps\common\Arma 3\!Workshop\@CUP Vehicles\addons\cup_airvehicles_mh47e.pbo - 24042201
23:28:21 C:\SteamLibrary\steamapps\common\Arma 3\!Workshop\@CUP Vehicles\addons\cup_airvehicles_mh60s.pbo - 24042201
23:28:21 C:\SteamLibrary\steamapps\common\Arma 3\!Workshop\@CUP Vehicles\addons\cup_airvehicles_mi24.pbo - 24042201
23:28:21 C:\SteamLibrary\steamapps\common\Arma 3\!Workshop\@CUP Vehicles\addons\cup_airvehicles_mi35.pbo - 24042201
23:28:21 C:\SteamLibrary\steamapps\common\Arma 3\!Workshop\@CUP Vehicles\addons\cup_airvehicles_mi6.pbo - 24042201
23:28:21 C:\SteamLibrary\steamapps\common\Arma 3\!Workshop\@CUP Vehicles\addons\cup_airvehicles_mi8.pbo - 24042201
23:28:21 C:\SteamLibrary\steamapps\common\Arma 3\!Workshop\@CUP Vehicles\addons\cup_airvehicles_motorplane.pbo - 24042201
23:28:21 C:\SteamLibrary\steamapps\common\Arma 3\!Workshop\@CUP Vehicles\addons\cup_airvehicles_mq9.pbo - 24042201
23:28:21 C:\SteamLibrary\steamapps\common\Arma 3\!Workshop\@CUP Vehicles\addons\cup_airvehicles_mv22.pbo - 24042201
23:28:21 C:\SteamLibrary\steamapps\common\Arma 3\!Workshop\@CUP Vehicles\addons\cup_airvehicles_pchela1t.pbo - 24042201
23:28:21 C:\SteamLibrary\steamapps\common\Arma 3\!Workshop\@CUP Vehicles\addons\cup_airvehicles_sa330.pbo - 24042201
23:28:21 C:\SteamLibrary\steamapps\common\Arma 3\!Workshop\@CUP Vehicles\addons\cup_airvehicles_staticline.pbo - 24042201
23:28:21 C:\SteamLibrary\steamapps\common\Arma 3\!Workshop\@CUP Vehicles\addons\cup_airvehicles_su25.pbo - 24042201
23:28:21 C:\SteamLibrary\steamapps\common\Arma 3\!Workshop\@CUP Vehicles\addons\cup_airvehicles_su34.pbo - 24042201
23:28:21 C:\SteamLibrary\steamapps\common\Arma 3\!Workshop\@CUP Vehicles\addons\cup_airvehicles_uh1h.pbo - 24042201
23:28:21 C:\SteamLibrary\steamapps\common\Arma 3\!Workshop\@CUP Vehicles\addons\cup_airvehicles_uh1y.pbo - 24042201
23:28:21 C:\SteamLibrary\steamapps\common\Arma 3\!Workshop\@CUP Vehicles\addons\cup_airvehicles_uh60.pbo - 24042201
23:28:21 C:\SteamLibrary\steamapps\common\Arma 3\!Workshop\@CUP Vehicles\addons\cup_trackedvehicles_2s6m.pbo - 24042201
23:28:21 C:\SteamLibrary\steamapps\common\Arma 3\!Workshop\@CUP Vehicles\addons\cup_trackedvehicles_aav.pbo - 24042201
23:28:21 C:\SteamLibrary\steamapps\common\Arma 3\!Workshop\@CUP Vehicles\addons\cup_trackedvehicles_bmp.pbo - 24042202
23:28:21 C:\SteamLibrary\steamapps\common\Arma 3\!Workshop\@CUP Vehicles\addons\cup_trackedvehicles_bmp3.pbo - 24042202
23:28:21 C:\SteamLibrary\steamapps\common\Arma 3\!Workshop\@CUP Vehicles\addons\cup_trackedvehicles_bradley.pbo - 24042201
23:28:21 C:\SteamLibrary\steamapps\common\Arma 3\!Workshop\@CUP Vehicles\addons\cup_trackedvehicles_bulldog.pbo - 24042201
23:28:21 C:\SteamLibrary\steamapps\common\Arma 3\!Workshop\@CUP Vehicles\addons\cup_trackedvehicles_challengerii.pbo - 24042201
23:28:21 C:\SteamLibrary\steamapps\common\Arma 3\!Workshop\@CUP Vehicles\addons\cup_trackedvehicles_core.pbo - 24042201
23:28:21 C:\SteamLibrary\steamapps\common\Arma 3\!Workshop\@CUP Vehicles\addons\cup_trackedvehicles_fv510.pbo - 24042201
23:28:21 C:\SteamLibrary\steamapps\common\Arma 3\!Workshop\@CUP Vehicles\addons\cup_trackedvehicles_lcac.pbo - 24042201
23:28:21 C:\SteamLibrary\steamapps\common\Arma 3\!Workshop\@CUP Vehicles\addons\cup_trackedvehicles_leopard1.pbo - 24042201
23:28:21 C:\SteamLibrary\steamapps\common\Arma 3\!Workshop\@CUP Vehicles\addons\cup_trackedvehicles_leopard2.pbo - 24042202
23:28:21 C:\SteamLibrary\steamapps\common\Arma 3\!Workshop\@CUP Vehicles\addons\cup_trackedvehicles_loadorder.pbo - 24042201
23:28:21 C:\SteamLibrary\steamapps\common\Arma 3\!Workshop\@CUP Vehicles\addons\cup_trackedvehicles_m113.pbo - 24042201
23:28:21 C:\SteamLibrary\steamapps\common\Arma 3\!Workshop\@CUP Vehicles\addons\cup_trackedvehicles_m1a2abrams.pbo - 24042201
23:28:21 C:\SteamLibrary\steamapps\common\Arma 3\!Workshop\@CUP Vehicles\addons\cup_trackedvehicles_m1abrams.pbo - 24042201
23:28:21 C:\SteamLibrary\steamapps\common\Arma 3\!Workshop\@CUP Vehicles\addons\cup_trackedvehicles_m1_abrams.pbo - 24042201
23:28:21 C:\SteamLibrary\steamapps\common\Arma 3\!Workshop\@CUP Vehicles\addons\cup_trackedvehicles_m270.pbo - 24042201
23:28:21 C:\SteamLibrary\steamapps\common\Arma 3\!Workshop\@CUP Vehicles\addons\cup_trackedvehicles_m60.pbo - 24042201
23:28:21 C:\SteamLibrary\steamapps\common\Arma 3\!Workshop\@CUP Vehicles\addons\cup_trackedvehicles_mcv80.pbo - 24042201
23:28:21 C:\SteamLibrary\steamapps\common\Arma 3\!Workshop\@CUP Vehicles\addons\cup_trackedvehicles_mtlb.pbo - 24042201
23:28:21 C:\SteamLibrary\steamapps\common\Arma 3\!Workshop\@CUP Vehicles\addons\cup_trackedvehicles_newm113.pbo - 24042201
23:28:21 C:\SteamLibrary\steamapps\common\Arma 3\!Workshop\@CUP Vehicles\addons\cup_trackedvehicles_sounds.pbo - 24042201
23:28:21 C:\SteamLibrary\steamapps\common\Arma 3\!Workshop\@CUP Vehicles\addons\cup_trackedvehicles_t34.pbo - 24042201
23:28:21 C:\SteamLibrary\steamapps\common\Arma 3\!Workshop\@CUP Vehicles\addons\cup_trackedvehicles_t55.pbo - 24042201
23:28:21 C:\SteamLibrary\steamapps\common\Arma 3\!Workshop\@CUP Vehicles\addons\cup_trackedvehicles_t72.pbo - 24042201
23:28:21 C:\SteamLibrary\steamapps\common\Arma 3\!Workshop\@CUP Vehicles\addons\cup_trackedvehicles_t90.pbo - 24042201
23:28:21 C:\SteamLibrary\steamapps\common\Arma 3\!Workshop\@CUP Vehicles\addons\cup_trackedvehicles_t90m.pbo - 24042201
23:28:21 C:\SteamLibrary\steamapps\common\Arma 3\!Workshop\@CUP Vehicles\addons\cup_trackedvehicles_zsu23.pbo - 24042202
23:28:21 C:\SteamLibrary\steamapps\common\Arma 3\!Workshop\@CUP Vehicles\addons\cup_vehicles_cfggroups.pbo - 24042201
23:28:21 C:\SteamLibrary\steamapps\common\Arma 3\!Workshop\@CUP Vehicles\addons\cup_vehicles_core.pbo - 24042201
23:28:21 C:\SteamLibrary\steamapps\common\Arma 3\!Workshop\@CUP Vehicles\addons\cup_vehicles_fastrope.pbo - 24042201
23:28:21 C:\SteamLibrary\steamapps\common\Arma 3\!Workshop\@CUP Vehicles\addons\cup_vehicles_loadorder.pbo - 24042201
23:28:21 C:\SteamLibrary\steamapps\common\Arma 3\!Workshop\@CUP Vehicles\addons\cup_vehicles_manual.pbo - 24042201
23:28:21 C:\SteamLibrary\steamapps\common\Arma 3\!Workshop\@CUP Vehicles\addons\cup_vehicles_proxies.pbo - 24042201
23:28:21 C:\SteamLibrary\steamapps\common\Arma 3\!Workshop\@CUP Vehicles\addons\cup_vehicles_towing.pbo - 24042201
23:28:21 C:\SteamLibrary\steamapps\common\Arma 3\!Workshop\@CUP Vehicles\addons\cup_watervehicles_core.pbo - 24042201
23:28:21 C:\SteamLibrary\steamapps\common\Arma 3\!Workshop\@CUP Vehicles\addons\cup_watervehicles_fishing_boat.pbo - 24042201
23:28:21 C:\SteamLibrary\steamapps\common\Arma 3\!Workshop\@CUP Vehicles\addons\cup_watervehicles_fregata.pbo - 24042201
23:28:21 C:\SteamLibrary\steamapps\common\Arma 3\!Workshop\@CUP Vehicles\addons\cup_watervehicles_lcu1600.pbo - 24042201
23:28:21 C:\SteamLibrary\steamapps\common\Arma 3\!Workshop\@CUP Vehicles\addons\cup_watervehicles_lcvp.pbo - 24042201
23:28:21 C:\SteamLibrary\steamapps\common\Arma 3\!Workshop\@CUP Vehicles\addons\cup_watervehicles_lhd.pbo - 24042201
23:28:21 C:\SteamLibrary\steamapps\common\Arma 3\!Workshop\@CUP Vehicles\addons\cup_watervehicles_loadorder.pbo - 24042201
23:28:21 C:\SteamLibrary\steamapps\common\Arma 3\!Workshop\@CUP Vehicles\addons\cup_watervehicles_lpd.pbo - 24042201
23:28:21 C:\SteamLibrary\steamapps\common\Arma 3\!Workshop\@CUP Vehicles\addons\cup_watervehicles_mk10.pbo - 24042201
23:28:21 C:\SteamLibrary\steamapps\common\Arma 3\!Workshop\@CUP Vehicles\addons\cup_watervehicles_pbx.pbo - 24042201
23:28:21 C:\SteamLibrary\steamapps\common\Arma 3\!Workshop\@CUP Vehicles\addons\cup_watervehicles_rhib.pbo - 24042201
23:28:21 C:\SteamLibrary\steamapps\common\Arma 3\!Workshop\@CUP Vehicles\addons\cup_watervehicles_seafox.pbo - 24042201
23:28:21 C:\SteamLibrary\steamapps\common\Arma 3\!Workshop\@CUP Vehicles\addons\cup_watervehicles_type072.pbo - 24042201
23:28:21 C:\SteamLibrary\steamapps\common\Arma 3\!Workshop\@CUP Vehicles\addons\cup_watervehicles_weapons.pbo - 24042201
23:28:21 C:\SteamLibrary\steamapps\common\Arma 3\!Workshop\@CUP Vehicles\addons\cup_watervehicles_zodiac.pbo - 24042201
23:28:21 C:\SteamLibrary\steamapps\common\Arma 3\!Workshop\@CUP Vehicles\addons\cup_watervehicles_zubr.pbo - 24042201
23:28:21 C:\SteamLibrary\steamapps\common\Arma 3\!Workshop\@CUP Vehicles\addons\cup_wheeledvehicles_boxer.pbo - 24042201
23:28:21 C:\SteamLibrary\steamapps\common\Arma 3\!Workshop\@CUP Vehicles\addons\cup_wheeledvehicles_brdm2.pbo - 24042201
23:28:21 C:\SteamLibrary\steamapps\common\Arma 3\!Workshop\@CUP Vehicles\addons\cup_wheeledvehicles_btr40.pbo - 24042201
23:28:21 C:\SteamLibrary\steamapps\common\Arma 3\!Workshop\@CUP Vehicles\addons\cup_wheeledvehicles_btr60.pbo - 24042201
23:28:21 C:\SteamLibrary\steamapps\common\Arma 3\!Workshop\@CUP Vehicles\addons\cup_wheeledvehicles_btr80.pbo - 24042201
23:28:21 C:\SteamLibrary\steamapps\common\Arma 3\!Workshop\@CUP Vehicles\addons\cup_wheeledvehicles_btr90.pbo - 24042201
23:28:21 C:\SteamLibrary\steamapps\common\Arma 3\!Workshop\@CUP Vehicles\addons\cup_wheeledvehicles_buscity.pbo - 24042201
23:28:21 C:\SteamLibrary\steamapps\common\Arma 3\!Workshop\@CUP Vehicles\addons\cup_wheeledvehicles_core.pbo - 24042201
23:28:21 C:\SteamLibrary\steamapps\common\Arma 3\!Workshop\@CUP Vehicles\addons\cup_wheeledvehicles_coyote.pbo - 24042202
23:28:21 C:\SteamLibrary\steamapps\common\Arma 3\!Workshop\@CUP Vehicles\addons\cup_wheeledvehicles_datsun.pbo - 24042201
23:28:21 C:\SteamLibrary\steamapps\common\Arma 3\!Workshop\@CUP Vehicles\addons\cup_wheeledvehicles_dingo.pbo - 24042201
23:28:21 C:\SteamLibrary\steamapps\common\Arma 3\!Workshop\@CUP Vehicles\addons\cup_wheeledvehicles_hilux.pbo - 24042201
23:28:21 C:\SteamLibrary\steamapps\common\Arma 3\!Workshop\@CUP Vehicles\addons\cup_wheeledvehicles_hmmwv.pbo - 24042201
23:28:21 C:\SteamLibrary\steamapps\common\Arma 3\!Workshop\@CUP Vehicles\addons\cup_wheeledvehicles_ikarus.pbo - 24042201
23:28:21 C:\SteamLibrary\steamapps\common\Arma 3\!Workshop\@CUP Vehicles\addons\cup_wheeledvehicles_jackal.pbo - 24042201
23:28:21 C:\SteamLibrary\steamapps\common\Arma 3\!Workshop\@CUP Vehicles\addons\cup_wheeledvehicles_kamaz.pbo - 24042201
23:28:21 C:\SteamLibrary\steamapps\common\Arma 3\!Workshop\@CUP Vehicles\addons\cup_wheeledvehicles_lada.pbo - 24042201
23:28:21 C:\SteamLibrary\steamapps\common\Arma 3\!Workshop\@CUP Vehicles\addons\cup_wheeledvehicles_lav25.pbo - 24042201
23:28:21 C:\SteamLibrary\steamapps\common\Arma 3\!Workshop\@CUP Vehicles\addons\cup_wheeledvehicles_loadorder.pbo - 24042202
23:28:21 C:\SteamLibrary\steamapps\common\Arma 3\!Workshop\@CUP Vehicles\addons\cup_wheeledvehicles_lr.pbo - 24042201
23:28:21 C:\SteamLibrary\steamapps\common\Arma 3\!Workshop\@CUP Vehicles\addons\cup_wheeledvehicles_lsv_02.pbo - 24042202
23:28:21 C:\SteamLibrary\steamapps\common\Arma 3\!Workshop\@CUP Vehicles\addons\cup_wheeledvehicles_m1030.pbo - 24042201
23:28:21 C:\SteamLibrary\steamapps\common\Arma 3\!Workshop\@CUP Vehicles\addons\cup_wheeledvehicles_m1151.pbo - 24042201
23:28:21 C:\SteamLibrary\steamapps\common\Arma 3\!Workshop\@CUP Vehicles\addons\cup_wheeledvehicles_m151.pbo - 24042201
23:28:21 C:\SteamLibrary\steamapps\common\Arma 3\!Workshop\@CUP Vehicles\addons\cup_wheeledvehicles_mastiff.pbo - 24042201
23:28:21 C:\SteamLibrary\steamapps\common\Arma 3\!Workshop\@CUP Vehicles\addons\cup_wheeledvehicles_matv.pbo - 24042202
23:28:21 C:\SteamLibrary\steamapps\common\Arma 3\!Workshop\@CUP Vehicles\addons\cup_wheeledvehicles_mtvr.pbo - 24042201
23:28:21 C:\SteamLibrary\steamapps\common\Arma 3\!Workshop\@CUP Vehicles\addons\cup_wheeledvehicles_newhmmwv.pbo - 24042201
23:28:21 C:\SteamLibrary\steamapps\common\Arma 3\!Workshop\@CUP Vehicles\addons\cup_wheeledvehicles_newm1036.pbo - 24042201
23:28:21 C:\SteamLibrary\steamapps\common\Arma 3\!Workshop\@CUP Vehicles\addons\cup_wheeledvehicles_newm1097.pbo - 24042201
23:28:21 C:\SteamLibrary\steamapps\common\Arma 3\!Workshop\@CUP Vehicles\addons\cup_wheeledvehicles_newm998.pbo - 24042201
23:28:21 C:\SteamLibrary\steamapps\common\Arma 3\!Workshop\@CUP Vehicles\addons\cup_wheeledvehicles_newsov.pbo - 24042201
23:28:21 C:\SteamLibrary\steamapps\common\Arma 3\!Workshop\@CUP Vehicles\addons\cup_wheeledvehicles_octavia.pbo - 24042201
23:28:21 C:\SteamLibrary\steamapps\common\Arma 3\!Workshop\@CUP Vehicles\addons\cup_wheeledvehicles_offroad_02.pbo - 24042201
23:28:21 C:\SteamLibrary\steamapps\common\Arma 3\!Workshop\@CUP Vehicles\addons\cup_wheeledvehicles_pickup.pbo - 24042201
23:28:21 C:\SteamLibrary\steamapps\common\Arma 3\!Workshop\@CUP Vehicles\addons\cup_wheeledvehicles_rg31.pbo - 24042201
23:28:21 C:\SteamLibrary\steamapps\common\Arma 3\!Workshop\@CUP Vehicles\addons\cup_wheeledvehicles_ridgeback.pbo - 24042201
23:28:21 C:\SteamLibrary\steamapps\common\Arma 3\!Workshop\@CUP Vehicles\addons\cup_wheeledvehicles_rm70.pbo - 24042201
23:28:21 C:\SteamLibrary\steamapps\common\Arma 3\!Workshop\@CUP Vehicles\addons\cup_wheeledvehicles_s1203.pbo - 24042201
23:28:21 C:\SteamLibrary\steamapps\common\Arma 3\!Workshop\@CUP Vehicles\addons\cup_wheeledvehicles_skoda.pbo - 24042201
23:28:21 C:\SteamLibrary\steamapps\common\Arma 3\!Workshop\@CUP Vehicles\addons\cup_wheeledvehicles_strider.pbo - 24042201
23:28:21 C:\SteamLibrary\steamapps\common\Arma 3\!Workshop\@CUP Vehicles\addons\cup_wheeledvehicles_stryker.pbo - 24042201
23:28:21 C:\SteamLibrary\steamapps\common\Arma 3\!Workshop\@CUP Vehicles\addons\cup_wheeledvehicles_suv.pbo - 24042201
23:28:21 C:\SteamLibrary\steamapps\common\Arma 3\!Workshop\@CUP Vehicles\addons\cup_wheeledvehicles_t810.pbo - 24042201
23:28:21 C:\SteamLibrary\steamapps\common\Arma 3\!Workshop\@CUP Vehicles\addons\cup_wheeledvehicles_tigr.pbo - 24042201
23:28:21 C:\SteamLibrary\steamapps\common\Arma 3\!Workshop\@CUP Vehicles\addons\cup_wheeledvehicles_towingtractor.pbo - 24042201
23:28:21 C:\SteamLibrary\steamapps\common\Arma 3\!Workshop\@CUP Vehicles\addons\cup_wheeledvehicles_tractor.pbo - 24042201
23:28:21 C:\SteamLibrary\steamapps\common\Arma 3\!Workshop\@CUP Vehicles\addons\cup_wheeledvehicles_tt650.pbo - 24042201
23:28:21 C:\SteamLibrary\steamapps\common\Arma 3\!Workshop\@CUP Vehicles\addons\cup_wheeledvehicles_uaz.pbo - 24042201
23:28:21 C:\SteamLibrary\steamapps\common\Arma 3\!Workshop\@CUP Vehicles\addons\cup_wheeledvehicles_uphmmwv.pbo - 24042201
23:28:21 C:\SteamLibrary\steamapps\common\Arma 3\!Workshop\@CUP Vehicles\addons\cup_wheeledvehicles_ural.pbo - 24042201
23:28:21 C:\SteamLibrary\steamapps\common\Arma 3\!Workshop\@CUP Vehicles\addons\cup_wheeledvehicles_v3s.pbo - 24042201
23:28:21 C:\SteamLibrary\steamapps\common\Arma 3\!Workshop\@CUP Vehicles\addons\cup_wheeledvehicles_van02.pbo - 24042201
23:28:21 C:\SteamLibrary\steamapps\common\Arma 3\!Workshop\@CUP Vehicles\addons\cup_wheeledvehicles_vodnik.pbo - 24042201
23:28:21 C:\SteamLibrary\steamapps\common\Arma 3\!Workshop\@CUP Vehicles\addons\cup_wheeledvehicles_volha.pbo - 24042201
23:28:21 C:\SteamLibrary\steamapps\common\Arma 3\!Workshop\@CUP Vehicles\addons\cup_wheeledvehicles_vwgolf.pbo - 24042201
23:28:21 C:\SteamLibrary\steamapps\common\Arma 3\!Workshop\@CUP Vehicles\addons\cup_wheeledvehicles_wolfhound.pbo - 24042202
23:28:21 C:\SteamLibrary\steamapps\common\Arma 3\!Workshop\@CUP Units\addons\cup_creatures_people_civil_chernarus.pbo - 24042319
23:28:21 C:\SteamLibrary\steamapps\common\Arma 3\!Workshop\@CUP Units\addons\cup_creatures_people_civil_russia.pbo - 24042319
23:28:21 C:\SteamLibrary\steamapps\common\Arma 3\!Workshop\@CUP Units\addons\cup_creatures_people_civil_takistan.pbo - 24042319
23:28:21 C:\SteamLibrary\steamapps\common\Arma 3\!Workshop\@CUP Units\addons\cup_creatures_people_core.pbo - 24042319
23:28:21 C:\SteamLibrary\steamapps\common\Arma 3\!Workshop\@CUP Units\addons\cup_creatures_people_loadorder.pbo - 24042319
23:28:21 C:\SteamLibrary\steamapps\common\Arma 3\!Workshop\@CUP Units\addons\cup_creatures_people_military_acr.pbo - 24042319
23:28:21 C:\SteamLibrary\steamapps\common\Arma 3\!Workshop\@CUP Units\addons\cup_creatures_people_military_baf.pbo - 24042319
23:28:21 C:\SteamLibrary\steamapps\common\Arma 3\!Workshop\@CUP Units\addons\cup_creatures_people_military_cdf.pbo - 24042319
23:28:21 C:\SteamLibrary\steamapps\common\Arma 3\!Workshop\@CUP Units\addons\cup_creatures_people_military_chedaki.pbo - 24042319
23:28:21 C:\SteamLibrary\steamapps\common\Arma 3\!Workshop\@CUP Units\addons\cup_creatures_people_military_delta.pbo - 24042319
23:28:21 C:\SteamLibrary\steamapps\common\Arma 3\!Workshop\@CUP Units\addons\cup_creatures_people_military_dummyinfantryset.pbo - 24042319
23:28:21 C:\SteamLibrary\steamapps\common\Arma 3\!Workshop\@CUP Units\addons\cup_creatures_people_military_extra.pbo - 24042319
23:28:21 C:\SteamLibrary\steamapps\common\Arma 3\!Workshop\@CUP Units\addons\cup_creatures_people_military_germany.pbo - 24042319
23:28:21 C:\SteamLibrary\steamapps\common\Arma 3\!Workshop\@CUP Units\addons\cup_creatures_people_military_hil.pbo - 24042319
23:28:21 C:\SteamLibrary\steamapps\common\Arma 3\!Workshop\@CUP Units\addons\cup_creatures_people_military_napa.pbo - 24042319
23:28:21 C:\SteamLibrary\steamapps\common\Arma 3\!Workshop\@CUP Units\addons\cup_creatures_people_military_pmc.pbo - 24042319
23:28:21 C:\SteamLibrary\steamapps\common\Arma 3\!Workshop\@CUP Units\addons\cup_creatures_people_military_racs.pbo - 24042319
23:28:21 C:\SteamLibrary\steamapps\common\Arma 3\!Workshop\@CUP Units\addons\cup_creatures_people_military_russia.pbo - 24042319
23:28:21 C:\SteamLibrary\steamapps\common\Arma 3\!Workshop\@CUP Units\addons\cup_creatures_people_military_russiamodern.pbo - 24042319
23:28:21 C:\SteamLibrary\steamapps\common\Arma 3\!Workshop\@CUP Units\addons\cup_creatures_people_military_sla.pbo - 24042319
23:28:21 C:\SteamLibrary\steamapps\common\Arma 3\!Workshop\@CUP Units\addons\cup_creatures_people_military_taki.pbo - 24042319
23:28:21 C:\SteamLibrary\steamapps\common\Arma 3\!Workshop\@CUP Units\addons\cup_creatures_people_military_takiinsurgents.pbo - 24042319
23:28:21 C:\SteamLibrary\steamapps\common\Arma 3\!Workshop\@CUP Units\addons\cup_creatures_people_military_ukraine.pbo - 24042319
23:28:21 C:\SteamLibrary\steamapps\common\Arma 3\!Workshop\@CUP Units\addons\cup_creatures_people_military_usarmy.pbo - 24042319
23:28:21 C:\SteamLibrary\steamapps\common\Arma 3\!Workshop\@CUP Units\addons\cup_creatures_people_military_usmc.pbo - 24042319
23:28:21 C:\SteamLibrary\steamapps\common\Arma 3\!Workshop\@CUP Units\addons\cup_creatures_staticweapons.pbo - 24042319
23:28:21 C:\SteamLibrary\steamapps\common\Arma 3\!Workshop\@CUP Units\addons\cup_dubbing_radio_cz.pbo - 22051810
23:28:21 C:\SteamLibrary\steamapps\common\Arma 3\!Workshop\@CUP Units\addons\cup_dubbing_radio_cz_acr.pbo - 22051810
23:28:21 C:\SteamLibrary\steamapps\common\Arma 3\!Workshop\@CUP Units\addons\cup_dubbing_radio_cz_acr_c.pbo - 22051810
23:28:21 C:\SteamLibrary\steamapps\common\Arma 3\!Workshop\@CUP Units\addons\cup_dubbing_radio_cz_c.pbo - 22051810
23:28:21 C:\SteamLibrary\steamapps\common\Arma 3\!Workshop\@CUP Units\addons\cup_dubbing_radio_en.pbo - 22051810
23:28:21 C:\SteamLibrary\steamapps\common\Arma 3\!Workshop\@CUP Units\addons\cup_dubbing_radio_en_c.pbo - 22051810
23:28:21 C:\SteamLibrary\steamapps\common\Arma 3\!Workshop\@CUP Units\addons\cup_dubbing_radio_gb_baf.pbo - 22051810
23:28:21 C:\SteamLibrary\steamapps\common\Arma 3\!Workshop\@CUP Units\addons\cup_dubbing_radio_gb_baf_c.pbo - 22051810
23:28:21 C:\SteamLibrary\steamapps\common\Arma 3\!Workshop\@CUP Units\addons\cup_dubbing_radio_gb_pmc.pbo - 22051810
23:28:21 C:\SteamLibrary\steamapps\common\Arma 3\!Workshop\@CUP Units\addons\cup_dubbing_radio_gb_pmc_c.pbo - 22051810
23:28:21 C:\SteamLibrary\steamapps\common\Arma 3\!Workshop\@CUP Units\addons\cup_dubbing_radio_ru.pbo - 22051810
23:28:21 C:\SteamLibrary\steamapps\common\Arma 3\!Workshop\@CUP Units\addons\cup_dubbing_radio_ru_c.pbo - 22051810
23:28:21 C:\SteamLibrary\steamapps\common\Arma 3\!Workshop\@CUP Units\addons\cup_dubbing_radio_tk.pbo - 22051810
23:28:21 C:\SteamLibrary\steamapps\common\Arma 3\!Workshop\@CUP Units\addons\cup_dubbing_radio_tk_c.pbo - 22051810
23:28:21 C:\SteamLibrary\steamapps\common\Arma 3\!Workshop\@CUP Terrains - Core\addons\cup_terrains_a1always_dummy.pbo - 21122418
23:28:21 C:\SteamLibrary\steamapps\common\Arma 3\!Workshop\@CUP Terrains - Core\addons\cup_terrains_a1_editorobjects.pbo - 21122418
23:28:21 C:\SteamLibrary\steamapps\common\Arma 3\!Workshop\@CUP Terrains - Core\addons\cup_terrains_a2_editorobjects.pbo - 21122418
23:28:21 C:\SteamLibrary\steamapps\common\Arma 3\!Workshop\@CUP Terrains - Core\addons\cup_terrains_aia_compat.pbo - 21122418
23:28:21 C:\SteamLibrary\steamapps\common\Arma 3\!Workshop\@CUP Terrains - Core\addons\cup_terrains_baseconfig_f.pbo - 21122418
23:28:21 C:\SteamLibrary\steamapps\common\Arma 3\!Workshop\@CUP Terrains - Core\addons\cup_terrains_buildings.pbo - 21122418
23:28:21 C:\SteamLibrary\steamapps\common\Arma 3\!Workshop\@CUP Terrains - Core\addons\cup_terrains_ca_a10_dummy.pbo - 21122418
23:28:21 C:\SteamLibrary\steamapps\common\Arma 3\!Workshop\@CUP Terrains - Core\addons\cup_terrains_ca_air2_dummy.pbo - 21122418
23:28:21 C:\SteamLibrary\steamapps\common\Arma 3\!Workshop\@CUP Terrains - Core\addons\cup_terrains_ca_air3_dummy.pbo - 21122418
23:28:21 C:\SteamLibrary\steamapps\common\Arma 3\!Workshop\@CUP Terrains - Core\addons\cup_terrains_ca_air_dummy.pbo - 21122418
23:28:21 C:\SteamLibrary\steamapps\common\Arma 3\!Workshop\@CUP Terrains - Core\addons\cup_terrains_ca_air_d_baf_dummy.pbo - 21122418
23:28:21 C:\SteamLibrary\steamapps\common\Arma 3\!Workshop\@CUP Terrains - Core\addons\cup_terrains_ca_air_e_dummy.pbo - 21122418
23:28:21 C:\SteamLibrary\steamapps\common\Arma 3\!Workshop\@CUP Terrains - Core\addons\cup_terrains_ca_air_pmc_dummy.pbo - 21122418
23:28:21 C:\SteamLibrary\steamapps\common\Arma 3\!Workshop\@CUP Terrains - Core\addons\cup_terrains_ca_animals2_dummy.pbo - 21122418
23:28:21 C:\SteamLibrary\steamapps\common\Arma 3\!Workshop\@CUP Terrains - Core\addons\cup_terrains_ca_buildings.pbo - 21122419
23:28:21 C:\SteamLibrary\steamapps\common\Arma 3\!Workshop\@CUP Terrains - Core\addons\cup_terrains_ca_buildings2.pbo - 21122419
23:28:21 C:\SteamLibrary\steamapps\common\Arma 3\!Workshop\@CUP Terrains - Core\addons\cup_terrains_ca_buildings2_c.pbo - 21122418
23:28:21 C:\SteamLibrary\steamapps\common\Arma 3\!Workshop\@CUP Terrains - Core\addons\cup_terrains_ca_buildings_c.pbo - 21122418
23:28:21 C:\SteamLibrary\steamapps\common\Arma 3\!Workshop\@CUP Terrains - Core\addons\cup_terrains_ca_ca_acr.pbo - 21122418
23:28:21 C:\SteamLibrary\steamapps\common\Arma 3\!Workshop\@CUP Terrains - Core\addons\cup_terrains_ca_ca_c.pbo - 21122418
23:28:21 C:\SteamLibrary\steamapps\common\Arma 3\!Workshop\@CUP Terrains - Core\addons\cup_terrains_ca_ca_e.pbo - 21122418
23:28:21 C:\SteamLibrary\steamapps\common\Arma 3\!Workshop\@CUP Terrains - Core\addons\cup_terrains_ca_ca_pmc.pbo - 21122418
23:28:21 C:\SteamLibrary\steamapps\common\Arma 3\!Workshop\@CUP Terrains - Core\addons\cup_terrains_ca_characters2_dummy.pbo - 21122418
23:28:21 C:\SteamLibrary\steamapps\common\Arma 3\!Workshop\@CUP Terrains - Core\addons\cup_terrains_ca_cti_buildings.pbo - 21122418
23:28:21 C:\SteamLibrary\steamapps\common\Arma 3\!Workshop\@CUP Terrains - Core\addons\cup_terrains_ca_data.pbo - 21122418
23:28:21 C:\SteamLibrary\steamapps\common\Arma 3\!Workshop\@CUP Terrains - Core\addons\cup_terrains_ca_data_baf.pbo - 21122418
23:28:21 C:\SteamLibrary\steamapps\common\Arma 3\!Workshop\@CUP Terrains - Core\addons\cup_terrains_ca_data_baf_c.pbo - 21122418
23:28:21 C:\SteamLibrary\steamapps\common\Arma 3\!Workshop\@CUP Terrains - Core\addons\cup_terrains_ca_hotfix.pbo - 21122418
23:28:21 C:\SteamLibrary\steamapps\common\Arma 3\!Workshop\@CUP Terrains - Core\addons\cup_terrains_ca_hotfix_c.pbo - 21122418
23:28:21 C:\SteamLibrary\steamapps\common\Arma 3\!Workshop\@CUP Terrains - Core\addons\cup_terrains_ca_l39_dummy.pbo - 21122418
23:28:21 C:\SteamLibrary\steamapps\common\Arma 3\!Workshop\@CUP Terrains - Core\addons\cup_terrains_ca_language.pbo - 21122418
23:28:21 C:\SteamLibrary\steamapps\common\Arma 3\!Workshop\@CUP Terrains - Core\addons\cup_terrains_ca_languagemissions.pbo - 21122418
23:28:21 C:\SteamLibrary\steamapps\common\Arma 3\!Workshop\@CUP Terrains - Core\addons\cup_terrains_ca_languagemissions_baf.pbo - 21122418
23:28:21 C:\SteamLibrary\steamapps\common\Arma 3\!Workshop\@CUP Terrains - Core\addons\cup_terrains_ca_languagemissions_e.pbo - 21122418
23:28:21 C:\SteamLibrary\steamapps\common\Arma 3\!Workshop\@CUP Terrains - Core\addons\cup_terrains_ca_languagemissions_pmc.pbo - 21122418
23:28:21 C:\SteamLibrary\steamapps\common\Arma 3\!Workshop\@CUP Terrains - Core\addons\cup_terrains_ca_language_acr.pbo - 21122418
23:28:21 C:\SteamLibrary\steamapps\common\Arma 3\!Workshop\@CUP Terrains - Core\addons\cup_terrains_ca_language_baf.pbo - 21122418
23:28:21 C:\SteamLibrary\steamapps\common\Arma 3\!Workshop\@CUP Terrains - Core\addons\cup_terrains_ca_language_e.pbo - 21122418
23:28:21 C:\SteamLibrary\steamapps\common\Arma 3\!Workshop\@CUP Terrains - Core\addons\cup_terrains_ca_language_pmc.pbo - 21122418
23:28:21 C:\SteamLibrary\steamapps\common\Arma 3\!Workshop\@CUP Terrains - Core\addons\cup_terrains_ca_misc.pbo - 21122419
23:28:21 C:\SteamLibrary\steamapps\common\Arma 3\!Workshop\@CUP Terrains - Core\addons\cup_terrains_ca_misc2.pbo - 21122418
23:28:21 C:\SteamLibrary\steamapps\common\Arma 3\!Workshop\@CUP Terrains - Core\addons\cup_terrains_ca_misc3.pbo - 21122418
23:28:21 C:\SteamLibrary\steamapps\common\Arma 3\!Workshop\@CUP Terrains - Core\addons\cup_terrains_ca_misc3_c.pbo - 21122418
23:28:21 C:\SteamLibrary\steamapps\common\Arma 3\!Workshop\@CUP Terrains - Core\addons\cup_terrains_ca_misc_acr.pbo - 21122418
23:28:21 C:\SteamLibrary\steamapps\common\Arma 3\!Workshop\@CUP Terrains - Core\addons\cup_terrains_ca_misc_acr_c.pbo - 21122418
23:28:21 C:\SteamLibrary\steamapps\common\Arma 3\!Workshop\@CUP Terrains - Core\addons\cup_terrains_ca_misc_baf.pbo - 21122418
23:28:21 C:\SteamLibrary\steamapps\common\Arma 3\!Workshop\@CUP Terrains - Core\addons\cup_terrains_ca_misc_e.pbo - 21122418
23:28:21 C:\SteamLibrary\steamapps\common\Arma 3\!Workshop\@CUP Terrains - Core\addons\cup_terrains_ca_misc_e_c.pbo - 21122418
23:28:21 C:\SteamLibrary\steamapps\common\Arma 3\!Workshop\@CUP Terrains - Core\addons\cup_terrains_ca_misc_rtm2.pbo - 21122418
23:28:21 C:\SteamLibrary\steamapps\common\Arma 3\!Workshop\@CUP Terrains - Core\addons\cup_terrains_ca_mp_armory_dummy.pbo - 21122418
23:28:21 C:\SteamLibrary\steamapps\common\Arma 3\!Workshop\@CUP Terrains - Core\addons\cup_terrains_ca_plants.pbo - 21122418
23:28:21 C:\SteamLibrary\steamapps\common\Arma 3\!Workshop\@CUP Terrains - Core\addons\cup_terrains_ca_plants2.pbo - 21122418
23:28:21 C:\SteamLibrary\steamapps\common\Arma 3\!Workshop\@CUP Terrains - Core\addons\cup_terrains_ca_plants_e.pbo - 21122418
23:28:21 C:\SteamLibrary\steamapps\common\Arma 3\!Workshop\@CUP Terrains - Core\addons\cup_terrains_ca_plants_e2.pbo - 21122418
23:28:21 C:\SteamLibrary\steamapps\common\Arma 3\!Workshop\@CUP Terrains - Core\addons\cup_terrains_ca_plants_pmc.pbo - 21122418
23:28:21 C:\SteamLibrary\steamapps\common\Arma 3\!Workshop\@CUP Terrains - Core\addons\cup_terrains_ca_roads.pbo - 21122418
23:28:21 C:\SteamLibrary\steamapps\common\Arma 3\!Workshop\@CUP Terrains - Core\addons\cup_terrains_ca_roads2.pbo - 21122418
23:28:21 C:\SteamLibrary\steamapps\common\Arma 3\!Workshop\@CUP Terrains - Core\addons\cup_terrains_ca_roads_e.pbo - 21122418
23:28:21 C:\SteamLibrary\steamapps\common\Arma 3\!Workshop\@CUP Terrains - Core\addons\cup_terrains_ca_roads_pmc.pbo - 21122418
23:28:21 C:\SteamLibrary\steamapps\common\Arma 3\!Workshop\@CUP Terrains - Core\addons\cup_terrains_ca_roads_rtm2.pbo - 21122418
23:28:21 C:\SteamLibrary\steamapps\common\Arma 3\!Workshop\@CUP Terrains - Core\addons\cup_terrains_ca_rocks.pbo - 21122418
23:28:21 C:\SteamLibrary\steamapps\common\Arma 3\!Workshop\@CUP Terrains - Core\addons\cup_terrains_ca_rocks2.pbo - 21122418
23:28:21 C:\SteamLibrary\steamapps\common\Arma 3\!Workshop\@CUP Terrains - Core\addons\cup_terrains_ca_rocks_e.pbo - 21122418
23:28:21 C:\SteamLibrary\steamapps\common\Arma 3\!Workshop\@CUP Terrains - Core\addons\cup_terrains_ca_signs.pbo - 21122418
23:28:21 C:\SteamLibrary\steamapps\common\Arma 3\!Workshop\@CUP Terrains - Core\addons\cup_terrains_ca_signs2.pbo - 21122418
23:28:21 C:\SteamLibrary\steamapps\common\Arma 3\!Workshop\@CUP Terrains - Core\addons\cup_terrains_ca_signs_e.pbo - 21122418
23:28:21 C:\SteamLibrary\steamapps\common\Arma 3\!Workshop\@CUP Terrains - Core\addons\cup_terrains_ca_sounds_c_dummy.pbo - 21122418
23:28:21 C:\SteamLibrary\steamapps\common\Arma 3\!Workshop\@CUP Terrains - Core\addons\cup_terrains_ca_sounds_dummy.pbo - 21122418
23:28:21 C:\SteamLibrary\steamapps\common\Arma 3\!Workshop\@CUP Terrains - Core\addons\cup_terrains_ca_sounds_e_dummy.pbo - 21122418
23:28:21 C:\SteamLibrary\steamapps\common\Arma 3\!Workshop\@CUP Terrains - Core\addons\cup_terrains_ca_structures.pbo - 21122419
23:28:21 C:\SteamLibrary\steamapps\common\Arma 3\!Workshop\@CUP Terrains - Core\addons\cup_terrains_ca_structures_c.pbo - 21122418
23:28:21 C:\SteamLibrary\steamapps\common\Arma 3\!Workshop\@CUP Terrains - Core\addons\cup_terrains_ca_structures_e.pbo - 21122419
23:28:21 C:\SteamLibrary\steamapps\common\Arma 3\!Workshop\@CUP Terrains - Core\addons\cup_terrains_ca_structures_e_c.pbo - 21122418
23:28:21 C:\SteamLibrary\steamapps\common\Arma 3\!Workshop\@CUP Terrains - Core\addons\cup_terrains_ca_structures_pmc.pbo - 21122418
23:28:21 C:\SteamLibrary\steamapps\common\Arma 3\!Workshop\@CUP Terrains - Core\addons\cup_terrains_ca_structures_pmc_c.pbo - 21122418
23:28:21 C:\SteamLibrary\steamapps\common\Arma 3\!Workshop\@CUP Terrains - Core\addons\cup_terrains_ca_tracked2_dummy.pbo - 21122418
23:28:21 C:\SteamLibrary\steamapps\common\Arma 3\!Workshop\@CUP Terrains - Core\addons\cup_terrains_ca_tracked_dummy.pbo - 21122418
23:28:21 C:\SteamLibrary\steamapps\common\Arma 3\!Workshop\@CUP Terrains - Core\addons\cup_terrains_ca_tracked_e_dummy.pbo - 21122418
23:28:21 C:\SteamLibrary\steamapps\common\Arma 3\!Workshop\@CUP Terrains - Core\addons\cup_terrains_ca_uifonts.pbo - 21122418
23:28:21 C:\SteamLibrary\steamapps\common\Arma 3\!Workshop\@CUP Terrains - Core\addons\cup_terrains_ca_ui_dummy.pbo - 21122418
23:28:21 C:\SteamLibrary\steamapps\common\Arma 3\!Workshop\@CUP Terrains - Core\addons\cup_terrains_ca_water2_dummy.pbo - 21122418
23:28:21 C:\SteamLibrary\steamapps\common\Arma 3\!Workshop\@CUP Terrains - Core\addons\cup_terrains_ca_water_dummy.pbo - 21122418
23:28:21 C:\SteamLibrary\steamapps\common\Arma 3\!Workshop\@CUP Terrains - Core\addons\cup_terrains_ca_weapons2_dummy.pbo - 21122418
23:28:21 C:\SteamLibrary\steamapps\common\Arma 3\!Workshop\@CUP Terrains - Core\addons\cup_terrains_ca_weapons_dummy.pbo - 21122418
23:28:21 C:\SteamLibrary\steamapps\common\Arma 3\!Workshop\@CUP Terrains - Core\addons\cup_terrains_ca_weapons_e_dummy.pbo - 21122418
23:28:21 C:\SteamLibrary\steamapps\common\Arma 3\!Workshop\@CUP Terrains - Core\addons\cup_terrains_ca_weapons_pmc_dummy.pbo - 21122418
23:28:21 C:\SteamLibrary\steamapps\common\Arma 3\!Workshop\@CUP Terrains - Core\addons\cup_terrains_ca_wheeled2_dummy.pbo - 21122418
23:28:21 C:\SteamLibrary\steamapps\common\Arma 3\!Workshop\@CUP Terrains - Core\addons\cup_terrains_ca_wheeled_dummy.pbo - 21122418
23:28:21 C:\SteamLibrary\steamapps\common\Arma 3\!Workshop\@CUP Terrains - Core\addons\cup_terrains_ca_wheeled_e_dummy.pbo - 21122418
23:28:21 C:\SteamLibrary\steamapps\common\Arma 3\!Workshop\@CUP Terrains - Core\addons\cup_terrains_compositions.pbo - 21122418
23:28:21 C:\SteamLibrary\steamapps\common\Arma 3\!Workshop\@CUP Terrains - Core\addons\cup_terrains_core.pbo - 21122418
23:28:21 C:\SteamLibrary\steamapps\common\Arma 3\!Workshop\@CUP Terrains - Core\addons\cup_terrains_dbe1_dummy.pbo - 21122418
23:28:21 C:\SteamLibrary\steamapps\common\Arma 3\!Workshop\@CUP Terrains - Core\addons\cup_terrains_dbe1_models_dbe1.pbo - 21122418
23:28:21 C:\SteamLibrary\steamapps\common\Arma 3\!Workshop\@CUP Terrains - Core\addons\cup_terrains_dbe1_models_dbe1_c.pbo - 21122418
23:28:21 C:\SteamLibrary\steamapps\common\Arma 3\!Workshop\@CUP Terrains - Core\addons\cup_terrains_dummy.pbo - 21122418
23:28:21 C:\SteamLibrary\steamapps\common\Arma 3\!Workshop\@CUP Terrains - Core\addons\cup_terrains_editor_c.pbo - 21122418
23:28:21 C:\SteamLibrary\steamapps\common\Arma 3\!Workshop\@CUP Terrains - Core\addons\cup_terrains_hsim_data_h_dummy.pbo - 21122418
23:28:21 C:\SteamLibrary\steamapps\common\Arma 3\!Workshop\@CUP Terrains - Core\addons\cup_terrains_hsim_languagemissions_h.pbo - 21122418
23:28:21 C:\SteamLibrary\steamapps\common\Arma 3\!Workshop\@CUP Terrains - Core\addons\cup_terrains_hsim_language_h.pbo - 21122418
23:28:21 C:\SteamLibrary\steamapps\common\Arma 3\!Workshop\@CUP Terrains - Core\addons\cup_terrains_ibr_plants.pbo - 21122418
23:28:21 C:\SteamLibrary\steamapps\common\Arma 3\!Workshop\@CUP Terrains - Core\addons\cup_terrains_music.pbo - 21122418
23:28:21 C:\SteamLibrary\steamapps\common\Arma 3\!Workshop\@CUP Terrains - Core\addons\cup_terrains_plants.pbo - 21122418
23:28:21 C:\SteamLibrary\steamapps\common\Arma 3\!Workshop\@CUP Terrains - Core\addons\cup_terrains_roadfix.pbo - 21122418
23:28:21 C:\SteamLibrary\steamapps\common\Arma 3\!Workshop\@CUP Terrains - Core\addons\cup_terrains_terrains_core.pbo - 21122418
23:28:21 C:\SteamLibrary\steamapps\common\Arma 3\!Workshop\@CUP Terrains - Core\addons\cup_terrains_weather.pbo - 21122418
23:28:21 C:\SteamLibrary\steamapps\common\Arma 3\!Workshop\@CUP Terrains - Core\addons\cup_terrains_winter_animals.pbo - 21122418
23:28:21 C:\SteamLibrary\steamapps\common\Arma 3\!Workshop\@CUP Terrains - Core\addons\cup_terrains_winter_objects.pbo - 21122418
23:28:21 C:\SteamLibrary\steamapps\common\Arma 3\!Workshop\@CUP Terrains - Core\addons\cup_terrains_winter_plants.pbo - 21122418
23:28:21 C:\SteamLibrary\steamapps\common\Arma 3\!Workshop\@CUP Terrains - Core\addons\cup_terrains_winter_roads.pbo - 21122418
23:28:21 C:\SteamLibrary\steamapps\common\Arma 3\!Workshop\@CUP Terrains - Core\addons\cup_terrains_worlds.pbo - 21122418
23:28:21 C:\SteamLibrary\steamapps\common\Arma 3\!Workshop\@CUP Weapons\addons\cup_baseconfigs.pbo - 24042318
23:28:21 C:\SteamLibrary\steamapps\common\Arma 3\!Workshop\@CUP Weapons\addons\cup_basedata.pbo - 24042318
23:28:21 C:\SteamLibrary\steamapps\common\Arma 3\!Workshop\@CUP Weapons\addons\cup_weapons_aa12.pbo - 24042318
23:28:21 C:\SteamLibrary\steamapps\common\Arma 3\!Workshop\@CUP Weapons\addons\cup_weapons_acr.pbo - 24042318
23:28:21 C:\SteamLibrary\steamapps\common\Arma 3\!Workshop\@CUP Weapons\addons\cup_weapons_ak.pbo - 24042319
23:28:21 C:\SteamLibrary\steamapps\common\Arma 3\!Workshop\@CUP Weapons\addons\cup_weapons_ak12.pbo - 24042318
23:28:21 C:\SteamLibrary\steamapps\common\Arma 3\!Workshop\@CUP Weapons\addons\cup_weapons_ammoboxes.pbo - 24042318
23:28:21 C:\SteamLibrary\steamapps\common\Arma 3\!Workshop\@CUP Weapons\addons\cup_weapons_ammunition.pbo - 24042319
23:28:21 C:\SteamLibrary\steamapps\common\Arma 3\!Workshop\@CUP Weapons\addons\cup_weapons_apilas.pbo - 24042318
23:28:21 C:\SteamLibrary\steamapps\common\Arma 3\!Workshop\@CUP Weapons\addons\cup_weapons_as50.pbo - 24042318
23:28:21 C:\SteamLibrary\steamapps\common\Arma 3\!Workshop\@CUP Weapons\addons\cup_weapons_awm.pbo - 24042318
23:28:21 C:\SteamLibrary\steamapps\common\Arma 3\!Workshop\@CUP Weapons\addons\cup_weapons_backpacks.pbo - 24042318
23:28:21 C:\SteamLibrary\steamapps\common\Arma 3\!Workshop\@CUP Weapons\addons\cup_weapons_bizon.pbo - 24042318
23:28:21 C:\SteamLibrary\steamapps\common\Arma 3\!Workshop\@CUP Weapons\addons\cup_weapons_bren2.pbo - 24042318
23:28:21 C:\SteamLibrary\steamapps\common\Arma 3\!Workshop\@CUP Weapons\addons\cup_weapons_browning_hp.pbo - 24042318
23:28:21 C:\SteamLibrary\steamapps\common\Arma 3\!Workshop\@CUP Weapons\addons\cup_weapons_colt1911.pbo - 24042318
23:28:21 C:\SteamLibrary\steamapps\common\Arma 3\!Workshop\@CUP Weapons\addons\cup_weapons_compact.pbo - 24042319
23:28:21 C:\SteamLibrary\steamapps\common\Arma 3\!Workshop\@CUP Weapons\addons\cup_weapons_compatibility.pbo - 24042318
23:28:21 C:\SteamLibrary\steamapps\common\Arma 3\!Workshop\@CUP Weapons\addons\cup_weapons_curator.pbo - 24042318
23:28:21 C:\SteamLibrary\steamapps\common\Arma 3\!Workshop\@CUP Weapons\addons\cup_weapons_cz75.pbo - 24042318
23:28:21 C:\SteamLibrary\steamapps\common\Arma 3\!Workshop\@CUP Weapons\addons\cup_weapons_cz750.pbo - 24042318
23:28:21 C:\SteamLibrary\steamapps\common\Arma 3\!Workshop\@CUP Weapons\addons\cup_weapons_cz805.pbo - 24042318
23:28:21 C:\SteamLibrary\steamapps\common\Arma 3\!Workshop\@CUP Weapons\addons\cup_weapons_deagle.pbo - 24042318
23:28:21 C:\SteamLibrary\steamapps\common\Arma 3\!Workshop\@CUP Weapons\addons\cup_weapons_duty.pbo - 24042318
23:28:21 C:\SteamLibrary\steamapps\common\Arma 3\!Workshop\@CUP Weapons\addons\cup_weapons_dynamicloadout.pbo - 24042318
23:28:21 C:\SteamLibrary\steamapps\common\Arma 3\!Workshop\@CUP Weapons\addons\cup_weapons_east_attachments.pbo - 24042318
23:28:21 C:\SteamLibrary\steamapps\common\Arma 3\!Workshop\@CUP Weapons\addons\cup_weapons_evo.pbo - 24042318
23:28:21 C:\SteamLibrary\steamapps\common\Arma 3\!Workshop\@CUP Weapons\addons\cup_weapons_famas.pbo - 24042318
23:28:21 C:\SteamLibrary\steamapps\common\Arma 3\!Workshop\@CUP Weapons\addons\cup_weapons_flaregun.pbo - 24042318
23:28:21 C:\SteamLibrary\steamapps\common\Arma 3\!Workshop\@CUP Weapons\addons\cup_weapons_fnfal.pbo - 24042318
23:28:21 C:\SteamLibrary\steamapps\common\Arma 3\!Workshop\@CUP Weapons\addons\cup_weapons_g3.pbo - 24042318
23:28:21 C:\SteamLibrary\steamapps\common\Arma 3\!Workshop\@CUP Weapons\addons\cup_weapons_g36.pbo - 24042318
23:28:21 C:\SteamLibrary\steamapps\common\Arma 3\!Workshop\@CUP Weapons\addons\cup_weapons_galil.pbo - 24042318
23:28:21 C:\SteamLibrary\steamapps\common\Arma 3\!Workshop\@CUP Weapons\addons\cup_weapons_glock17.pbo - 24042318
23:28:21 C:\SteamLibrary\steamapps\common\Arma 3\!Workshop\@CUP Weapons\addons\cup_weapons_grenadelaunchers.pbo - 24042318
23:28:21 C:\SteamLibrary\steamapps\common\Arma 3\!Workshop\@CUP Weapons\addons\cup_weapons_grenades.pbo - 24042318
23:28:21 C:\SteamLibrary\steamapps\common\Arma 3\!Workshop\@CUP Weapons\addons\cup_weapons_groza.pbo - 24042318
23:28:21 C:\SteamLibrary\steamapps\common\Arma 3\!Workshop\@CUP Weapons\addons\cup_weapons_hk416.pbo - 24042318
23:28:21 C:\SteamLibrary\steamapps\common\Arma 3\!Workshop\@CUP Weapons\addons\cup_weapons_huntingrifle.pbo - 24042318
23:28:21 C:\SteamLibrary\steamapps\common\Arma 3\!Workshop\@CUP Weapons\addons\cup_weapons_igla.pbo - 24042319
23:28:21 C:\SteamLibrary\steamapps\common\Arma 3\!Workshop\@CUP Weapons\addons\cup_weapons_items.pbo - 24042318
23:28:21 C:\SteamLibrary\steamapps\common\Arma 3\!Workshop\@CUP Weapons\addons\cup_weapons_javelin.pbo - 24042318
23:28:21 C:\SteamLibrary\steamapps\common\Arma 3\!Workshop\@CUP Weapons\addons\cup_weapons_kozlice.pbo - 24042318
23:28:21 C:\SteamLibrary\steamapps\common\Arma 3\!Workshop\@CUP Weapons\addons\cup_weapons_ksvk.pbo - 24042318
23:28:21 C:\SteamLibrary\steamapps\common\Arma 3\!Workshop\@CUP Weapons\addons\cup_weapons_l129.pbo - 24042318
23:28:21 C:\SteamLibrary\steamapps\common\Arma 3\!Workshop\@CUP Weapons\addons\cup_weapons_l85.pbo - 24042318
23:28:21 C:\SteamLibrary\steamapps\common\Arma 3\!Workshop\@CUP Weapons\addons\cup_weapons_leeenfield.pbo - 24042318
23:28:21 C:\SteamLibrary\steamapps\common\Arma 3\!Workshop\@CUP Weapons\addons\cup_weapons_loadorder.pbo - 24042318
23:28:21 C:\SteamLibrary\steamapps\common\Arma 3\!Workshop\@CUP Weapons\addons\cup_weapons_m1014.pbo - 24042318
23:28:21 C:\SteamLibrary\steamapps\common\Arma 3\!Workshop\@CUP Weapons\addons\cup_weapons_m107.pbo - 24042318
23:28:21 C:\SteamLibrary\steamapps\common\Arma 3\!Workshop\@CUP Weapons\addons\cup_weapons_m110.pbo - 24042318
23:28:21 C:\SteamLibrary\steamapps\common\Arma 3\!Workshop\@CUP Weapons\addons\cup_weapons_m136.pbo - 24042318
23:28:21 C:\SteamLibrary\steamapps\common\Arma 3\!Workshop\@CUP Weapons\addons\cup_weapons_m14.pbo - 24042318
23:28:21 C:\SteamLibrary\steamapps\common\Arma 3\!Workshop\@CUP Weapons\addons\cup_weapons_m14_dmr.pbo - 24042319
23:28:21 C:\SteamLibrary\steamapps\common\Arma 3\!Workshop\@CUP Weapons\addons\cup_weapons_m16.pbo - 24042318
23:28:21 C:\SteamLibrary\steamapps\common\Arma 3\!Workshop\@CUP Weapons\addons\cup_weapons_m17.pbo - 24042318
23:28:21 C:\SteamLibrary\steamapps\common\Arma 3\!Workshop\@CUP Weapons\addons\cup_weapons_m2010.pbo - 24042318
23:28:21 C:\SteamLibrary\steamapps\common\Arma 3\!Workshop\@CUP Weapons\addons\cup_weapons_m24.pbo - 24042318
23:28:21 C:\SteamLibrary\steamapps\common\Arma 3\!Workshop\@CUP Weapons\addons\cup_weapons_m240.pbo - 24042318
23:28:21 C:\SteamLibrary\steamapps\common\Arma 3\!Workshop\@CUP Weapons\addons\cup_weapons_m249.pbo - 24042318
23:28:21 C:\SteamLibrary\steamapps\common\Arma 3\!Workshop\@CUP Weapons\addons\cup_weapons_m3a1.pbo - 24042318
23:28:21 C:\SteamLibrary\steamapps\common\Arma 3\!Workshop\@CUP Weapons\addons\cup_weapons_m47.pbo - 24042319
23:28:21 C:\SteamLibrary\steamapps\common\Arma 3\!Workshop\@CUP Weapons\addons\cup_weapons_m60e4.pbo - 24042318
23:28:21 C:\SteamLibrary\steamapps\common\Arma 3\!Workshop\@CUP Weapons\addons\cup_weapons_m72a6.pbo - 24042318
23:28:21 C:\SteamLibrary\steamapps\common\Arma 3\!Workshop\@CUP Weapons\addons\cup_weapons_m9.pbo - 24042318
23:28:21 C:\SteamLibrary\steamapps\common\Arma 3\!Workshop\@CUP Weapons\addons\cup_weapons_maaws.pbo - 24042318
23:28:21 C:\SteamLibrary\steamapps\common\Arma 3\!Workshop\@CUP Weapons\addons\cup_weapons_mac10.pbo - 24042318
23:28:21 C:\SteamLibrary\steamapps\common\Arma 3\!Workshop\@CUP Weapons\addons\cup_weapons_makarov.pbo - 24042318
23:28:21 C:\SteamLibrary\steamapps\common\Arma 3\!Workshop\@CUP Weapons\addons\cup_weapons_manual.pbo - 24042318
23:28:21 C:\SteamLibrary\steamapps\common\Arma 3\!Workshop\@CUP Weapons\addons\cup_weapons_metis_at_13.pbo - 24042318
23:28:21 C:\SteamLibrary\steamapps\common\Arma 3\!Workshop\@CUP Weapons\addons\cup_weapons_mg3.pbo - 24042318
23:28:21 C:\SteamLibrary\steamapps\common\Arma 3\!Workshop\@CUP Weapons\addons\cup_weapons_microuzi.pbo - 24042318
23:28:21 C:\SteamLibrary\steamapps\common\Arma 3\!Workshop\@CUP Weapons\addons\cup_weapons_mk14_ebr.pbo - 24042318
23:28:21 C:\SteamLibrary\steamapps\common\Arma 3\!Workshop\@CUP Weapons\addons\cup_weapons_mk23.pbo - 24042318
23:28:21 C:\SteamLibrary\steamapps\common\Arma 3\!Workshop\@CUP Weapons\addons\cup_weapons_mk48.pbo - 24042318
23:28:21 C:\SteamLibrary\steamapps\common\Arma 3\!Workshop\@CUP Weapons\addons\cup_weapons_mosin.pbo - 24042318
23:28:21 C:\SteamLibrary\steamapps\common\Arma 3\!Workshop\@CUP Weapons\addons\cup_weapons_mp5.pbo - 24042319
23:28:21 C:\SteamLibrary\steamapps\common\Arma 3\!Workshop\@CUP Weapons\addons\cup_weapons_mp7.pbo - 24042319
23:28:21 C:\SteamLibrary\steamapps\common\Arma 3\!Workshop\@CUP Weapons\addons\cup_weapons_nlaw.pbo - 24042318
23:28:21 C:\SteamLibrary\steamapps\common\Arma 3\!Workshop\@CUP Weapons\addons\cup_weapons_nvg.pbo - 24042318
23:28:21 C:\SteamLibrary\steamapps\common\Arma 3\!Workshop\@CUP Weapons\addons\cup_weapons_p30.pbo - 24042318
23:28:21 C:\SteamLibrary\steamapps\common\Arma 3\!Workshop\@CUP Weapons\addons\cup_weapons_p90.pbo - 24042318
23:28:21 C:\SteamLibrary\steamapps\common\Arma 3\!Workshop\@CUP Weapons\addons\cup_weapons_panzerfaust.pbo - 24042319
23:28:21 C:\SteamLibrary\steamapps\common\Arma 3\!Workshop\@CUP Weapons\addons\cup_weapons_pb_6p9.pbo - 24042318
23:28:21 C:\SteamLibrary\steamapps\common\Arma 3\!Workshop\@CUP Weapons\addons\cup_weapons_phantom.pbo - 24042318
23:28:21 C:\SteamLibrary\steamapps\common\Arma 3\!Workshop\@CUP Weapons\addons\cup_weapons_pk.pbo - 24042318
23:28:21 C:\SteamLibrary\steamapps\common\Arma 3\!Workshop\@CUP Weapons\addons\cup_weapons_pods.pbo - 24042318
23:28:21 C:\SteamLibrary\steamapps\common\Arma 3\!Workshop\@CUP Weapons\addons\cup_weapons_put.pbo - 24042319
23:28:21 C:\SteamLibrary\steamapps\common\Arma 3\!Workshop\@CUP Weapons\addons\cup_weapons_remington.pbo - 24042319
23:28:21 C:\SteamLibrary\steamapps\common\Arma 3\!Workshop\@CUP Weapons\addons\cup_weapons_revolver.pbo - 24042318
23:28:21 C:\SteamLibrary\steamapps\common\Arma 3\!Workshop\@CUP Weapons\addons\cup_weapons_rpg18.pbo - 24042318
23:28:21 C:\SteamLibrary\steamapps\common\Arma 3\!Workshop\@CUP Weapons\addons\cup_weapons_rpg26.pbo - 24042318
23:28:21 C:\SteamLibrary\steamapps\common\Arma 3\!Workshop\@CUP Weapons\addons\cup_weapons_rpg7.pbo - 24042319
23:28:21 C:\SteamLibrary\steamapps\common\Arma 3\!Workshop\@CUP Weapons\addons\cup_weapons_rsass.pbo - 24042318
23:28:21 C:\SteamLibrary\steamapps\common\Arma 3\!Workshop\@CUP Weapons\addons\cup_weapons_sa58.pbo - 24042318
23:28:21 C:\SteamLibrary\steamapps\common\Arma 3\!Workshop\@CUP Weapons\addons\cup_weapons_sa61.pbo - 24042318
23:28:21 C:\SteamLibrary\steamapps\common\Arma 3\!Workshop\@CUP Weapons\addons\cup_weapons_saiga12k.pbo - 24042318
23:28:21 C:\SteamLibrary\steamapps\common\Arma 3\!Workshop\@CUP Weapons\addons\cup_weapons_scar.pbo - 24042318
23:28:21 C:\SteamLibrary\steamapps\common\Arma 3\!Workshop\@CUP Weapons\addons\cup_weapons_shield.pbo - 24042318
23:28:21 C:\SteamLibrary\steamapps\common\Arma 3\!Workshop\@CUP Weapons\addons\cup_weapons_sks.pbo - 24042318
23:28:21 C:\SteamLibrary\steamapps\common\Arma 3\!Workshop\@CUP Weapons\addons\cup_weapons_slamfire_shotgun.pbo - 24042318
23:28:21 C:\SteamLibrary\steamapps\common\Arma 3\!Workshop\@CUP Weapons\addons\cup_weapons_smaw.pbo - 24042318
23:28:21 C:\SteamLibrary\steamapps\common\Arma 3\!Workshop\@CUP Weapons\addons\cup_weapons_sounds.pbo - 24042318
23:28:21 C:\SteamLibrary\steamapps\common\Arma 3\!Workshop\@CUP Weapons\addons\cup_weapons_soundshaders.pbo - 24042318
23:28:21 C:\SteamLibrary\steamapps\common\Arma 3\!Workshop\@CUP Weapons\addons\cup_weapons_spas12.pbo - 24042318
23:28:21 C:\SteamLibrary\steamapps\common\Arma 3\!Workshop\@CUP Weapons\addons\cup_weapons_staticweapons.pbo - 24042318
23:28:21 C:\SteamLibrary\steamapps\common\Arma 3\!Workshop\@CUP Weapons\addons\cup_weapons_steyr.pbo - 24042318
23:28:21 C:\SteamLibrary\steamapps\common\Arma 3\!Workshop\@CUP Weapons\addons\cup_weapons_stinger.pbo - 24042318
23:28:21 C:\SteamLibrary\steamapps\common\Arma 3\!Workshop\@CUP Weapons\addons\cup_weapons_strela_2.pbo - 24042318
23:28:21 C:\SteamLibrary\steamapps\common\Arma 3\!Workshop\@CUP Weapons\addons\cup_weapons_svd.pbo - 24042318
23:28:21 C:\SteamLibrary\steamapps\common\Arma 3\!Workshop\@CUP Weapons\addons\cup_weapons_sw_model327.pbo - 24042318
23:28:21 C:\SteamLibrary\steamapps\common\Arma 3\!Workshop\@CUP Weapons\addons\cup_weapons_tec9.pbo - 24042319
23:28:21 C:\SteamLibrary\steamapps\common\Arma 3\!Workshop\@CUP Weapons\addons\cup_weapons_tt.pbo - 24042319
23:28:21 C:\SteamLibrary\steamapps\common\Arma 3\!Workshop\@CUP Weapons\addons\cup_weapons_uk59.pbo - 24042318
23:28:21 C:\SteamLibrary\steamapps\common\Arma 3\!Workshop\@CUP Weapons\addons\cup_weapons_uzi.pbo - 24042318
23:28:21 C:\SteamLibrary\steamapps\common\Arma 3\!Workshop\@CUP Weapons\addons\cup_weapons_vehicleweapons.pbo - 24042318
23:28:21 C:\SteamLibrary\steamapps\common\Arma 3\!Workshop\@CUP Weapons\addons\cup_weapons_vss.pbo - 24042318
23:28:21 C:\SteamLibrary\steamapps\common\Arma 3\!Workshop\@CUP Weapons\addons\cup_weapons_weaponscore.pbo - 24042318
23:28:21 C:\SteamLibrary\steamapps\common\Arma 3\!Workshop\@CUP Weapons\addons\cup_weapons_weaponsdata.pbo - 24042318
23:28:21 C:\SteamLibrary\steamapps\common\Arma 3\!Workshop\@CUP Weapons\addons\cup_weapons_west_attachments.pbo - 24042318
23:28:21 C:\SteamLibrary\steamapps\common\Arma 3\!Workshop\@CUP Weapons\addons\cup_weapons_x95.pbo - 24042318
23:28:21 C:\SteamLibrary\steamapps\common\Arma 3\!Workshop\@CUP Weapons\addons\cup_weapons_xm29.pbo - 24042318
23:28:21 C:\SteamLibrary\steamapps\common\Arma 3\!Workshop\@CUP Weapons\addons\cup_weapons_xm8.pbo - 24042318
23:28:21 C:\SteamLibrary\steamapps\common\Arma 3\!Workshop\@CBA_A3\addons\cba_accessory.pbo - 3.18.3.250320
23:28:21 C:\SteamLibrary\steamapps\common\Arma 3\!Workshop\@CBA_A3\addons\cba_ai.pbo - 3.18.3.250320
23:28:21 C:\SteamLibrary\steamapps\common\Arma 3\!Workshop\@CBA_A3\addons\cba_arrays.pbo - 3.18.3.250320
23:28:21 C:\SteamLibrary\steamapps\common\Arma 3\!Workshop\@CBA_A3\addons\cba_bitwise.pbo - 3.18.3.250320
23:28:21 C:\SteamLibrary\steamapps\common\Arma 3\!Workshop\@CBA_A3\addons\cba_characters.pbo - 3.18.3.250320
23:28:21 C:\SteamLibrary\steamapps\common\Arma 3\!Workshop\@CBA_A3\addons\cba_common.pbo - 3.18.3.250320
23:28:21 C:\SteamLibrary\steamapps\common\Arma 3\!Workshop\@CBA_A3\addons\cba_diagnostic.pbo - 3.18.3.250320
23:28:21 C:\SteamLibrary\steamapps\common\Arma 3\!Workshop\@CBA_A3\addons\cba_disposable.pbo - 3.18.3.250320
23:28:21 C:\SteamLibrary\steamapps\common\Arma 3\!Workshop\@CBA_A3\addons\cba_events.pbo - 3.18.3.250320
23:28:21 C:\SteamLibrary\steamapps\common\Arma 3\!Workshop\@CBA_A3\addons\cba_hashes.pbo - 3.18.3.250320
23:28:21 C:\SteamLibrary\steamapps\common\Arma 3\!Workshop\@CBA_A3\addons\cba_help.pbo - 3.18.3.250320
23:28:21 C:\SteamLibrary\steamapps\common\Arma 3\!Workshop\@CBA_A3\addons\cba_jam.pbo - 3.18.3.250320
23:28:21 C:\SteamLibrary\steamapps\common\Arma 3\!Workshop\@CBA_A3\addons\cba_jr.pbo - 3.18.3.250320
23:28:21 C:\SteamLibrary\steamapps\common\Arma 3\!Workshop\@CBA_A3\addons\cba_keybinding.pbo - 3.18.3.250320
23:28:21 C:\SteamLibrary\steamapps\common\Arma 3\!Workshop\@CBA_A3\addons\cba_loadout.pbo - 3.18.3.250320
23:28:21 C:\SteamLibrary\steamapps\common\Arma 3\!Workshop\@CBA_A3\addons\cba_main.pbo - 3.18.3.250320
23:28:21 C:\SteamLibrary\steamapps\common\Arma 3\!Workshop\@CBA_A3\addons\cba_main_a3.pbo - 3.18.3.250320
23:28:21 C:\SteamLibrary\steamapps\common\Arma 3\!Workshop\@CBA_A3\addons\cba_modules.pbo - 3.18.3.250320
23:28:21 C:\SteamLibrary\steamapps\common\Arma 3\!Workshop\@CBA_A3\addons\cba_music.pbo - 3.18.3.250320
23:28:21 C:\SteamLibrary\steamapps\common\Arma 3\!Workshop\@CBA_A3\addons\cba_network.pbo - 3.18.3.250320
23:28:21 C:\SteamLibrary\steamapps\common\Arma 3\!Workshop\@CBA_A3\addons\cba_optics.pbo - 3.18.3.250320
23:28:21 C:\SteamLibrary\steamapps\common\Arma 3\!Workshop\@CBA_A3\addons\cba_quicktime.pbo - 3.18.3.250320
23:28:21 C:\SteamLibrary\steamapps\common\Arma 3\!Workshop\@CBA_A3\addons\cba_settings.pbo - 3.18.3.250320
23:28:21 C:\SteamLibrary\steamapps\common\Arma 3\!Workshop\@CBA_A3\addons\cba_statemachine.pbo - 3.18.3.250320
23:28:21 C:\SteamLibrary\steamapps\common\Arma 3\!Workshop\@CBA_A3\addons\cba_strings.pbo - 3.18.3.250320
23:28:21 C:\SteamLibrary\steamapps\common\Arma 3\!Workshop\@CBA_A3\addons\cba_ui.pbo - 3.18.3.250320
23:28:21 C:\SteamLibrary\steamapps\common\Arma 3\!Workshop\@CBA_A3\addons\cba_vectors.pbo - 3.18.3.250320
23:28:21 C:\SteamLibrary\steamapps\common\Arma 3\!Workshop\@CBA_A3\addons\cba_versioning.pbo - 3.18.3.250320
23:28:21 C:\SteamLibrary\steamapps\common\Arma 3\!Workshop\@CBA_A3\addons\cba_xeh.pbo - 3.18.3.250320
23:28:21 C:\SteamLibrary\steamapps\common\Arma 3\!Workshop\@Advanced Developer Tools\addons\dev_tools.pbo - unknown
23:28:21 C:\SteamLibrary\steamapps\common\Arma 3\!Workshop\@Advanced Developer Tools\addons\dev_tools_data.pbo - unknown
23:28:21 C:\SteamLibrary\steamapps\common\Arma 3\aow\addons\anims_f_aow.pbo - 149768
23:28:21 C:\SteamLibrary\steamapps\common\Arma 3\aow\addons\characters_f_aow.pbo - 150659
23:28:21 C:\SteamLibrary\steamapps\common\Arma 3\aow\addons\data_f_aow.pbo - 149928
23:28:21 C:\SteamLibrary\steamapps\common\Arma 3\aow\addons\dubbing_f_aow.pbo - 149901
23:28:21 C:\SteamLibrary\steamapps\common\Arma 3\aow\addons\editorpreviews_f_aow.pbo - 149909
23:28:21 C:\SteamLibrary\steamapps\common\Arma 3\aow\addons\functions_f_aow.pbo - 149593
23:28:21 C:\SteamLibrary\steamapps\common\Arma 3\aow\addons\languagemissions_f_aow.pbo - 150993
23:28:21 C:\SteamLibrary\steamapps\common\Arma 3\aow\addons\language_f_aow.pbo - 150993
23:28:21 C:\SteamLibrary\steamapps\common\Arma 3\aow\addons\missions_f_aow.pbo - 150974
23:28:21 C:\SteamLibrary\steamapps\common\Arma 3\aow\addons\missions_f_aow_data.pbo - 150984
23:28:21 C:\SteamLibrary\steamapps\common\Arma 3\aow\addons\missions_f_aow_video.pbo - 149837
23:28:21 C:\SteamLibrary\steamapps\common\Arma 3\aow\addons\props_f_aow.pbo - 150912
23:28:21 C:\SteamLibrary\steamapps\common\Arma 3\aow\addons\sounds_f_aow.pbo - 150867
23:28:21 C:\SteamLibrary\steamapps\common\Arma 3\aow\addons\structures_f_aow.pbo - 149883
23:28:21 C:\SteamLibrary\steamapps\common\Arma 3\aow\addons\supplies_f_aow.pbo - 150149
23:28:21 C:\SteamLibrary\steamapps\common\Arma 3\aow\addons\ui_f_aow.pbo - 149917
23:28:21 C:\SteamLibrary\steamapps\common\Arma 3\enoch\addons\air_f_enoch.pbo - 145904
23:28:21 C:\SteamLibrary\steamapps\common\Arma 3\enoch\addons\anims_f_enoch.pbo - 150341
23:28:21 C:\SteamLibrary\steamapps\common\Arma 3\enoch\addons\armor_f_enoch.pbo - 145904
23:28:21 C:\SteamLibrary\steamapps\common\Arma 3\enoch\addons\cargoposes_f_enoch.pbo - 142478
23:28:21 C:\SteamLibrary\steamapps\common\Arma 3\enoch\addons\characters_f_enoch.pbo - 150968
23:28:21 C:\SteamLibrary\steamapps\common\Arma 3\enoch\addons\data_f_enoch.pbo - 150070
23:28:21 C:\SteamLibrary\steamapps\common\Arma 3\enoch\addons\dubbing_radio_f_enoch.pbo - 150070
23:28:21 C:\SteamLibrary\steamapps\common\Arma 3\enoch\addons\dubbing_radio_f_enoch_data.pbo - 150020
23:28:21 C:\SteamLibrary\steamapps\common\Arma 3\enoch\addons\editorpreviews_f_enoch.pbo - 150962
23:28:21 C:\SteamLibrary\steamapps\common\Arma 3\enoch\addons\functions_f_enoch.pbo - 148356
23:28:21 C:\SteamLibrary\steamapps\common\Arma 3\enoch\addons\languagemissions_f_enoch.pbo - 150993
23:28:21 C:\SteamLibrary\steamapps\common\Arma 3\enoch\addons\language_f_enoch.pbo - 150993
23:28:21 C:\SteamLibrary\steamapps\common\Arma 3\enoch\addons\map_enoch.pbo - 150292
23:28:21 C:\SteamLibrary\steamapps\common\Arma 3\enoch\addons\map_enoch_data.pbo - 145274
23:28:21 C:\SteamLibrary\steamapps\common\Arma 3\enoch\addons\map_enoch_data_layers.pbo - 146184
23:28:21 C:\SteamLibrary\steamapps\common\Arma 3\enoch\addons\map_enoch_scenes_f.pbo - 143336
23:28:21 C:\SteamLibrary\steamapps\common\Arma 3\enoch\addons\missions_f_enoch.pbo - 149487
23:28:21 C:\SteamLibrary\steamapps\common\Arma 3\enoch\addons\music_f_enoch.pbo - 147472
23:28:21 C:\SteamLibrary\steamapps\common\Arma 3\enoch\addons\music_f_enoch_music.pbo - 150867
23:28:21 C:\SteamLibrary\steamapps\common\Arma 3\enoch\addons\props_f_enoch.pbo - 150309
23:28:21 C:\SteamLibrary\steamapps\common\Arma 3\enoch\addons\rocks_f_enoch.pbo - 148432
23:28:21 C:\SteamLibrary\steamapps\common\Arma 3\enoch\addons\soft_f_enoch.pbo - 150885
23:28:21 C:\SteamLibrary\steamapps\common\Arma 3\enoch\addons\sounds_f_enoch.pbo - 150842
23:28:21 C:\SteamLibrary\steamapps\common\Arma 3\enoch\addons\static_f_enoch.pbo - 145904
23:28:21 C:\SteamLibrary\steamapps\common\Arma 3\enoch\addons\structures_f_enoch.pbo - 148551
23:28:21 C:\SteamLibrary\steamapps\common\Arma 3\enoch\addons\structures_f_enoch_civilian.pbo - 150926
23:28:21 C:\SteamLibrary\steamapps\common\Arma 3\enoch\addons\structures_f_enoch_commercial.pbo - 148419
23:28:21 C:\SteamLibrary\steamapps\common\Arma 3\enoch\addons\structures_f_enoch_cultural.pbo - 150415
23:28:21 C:\SteamLibrary\steamapps\common\Arma 3\enoch\addons\structures_f_enoch_data.pbo - 148419
23:28:21 C:\SteamLibrary\steamapps\common\Arma 3\enoch\addons\structures_f_enoch_furniture.pbo - 148419
23:28:21 C:\SteamLibrary\steamapps\common\Arma 3\enoch\addons\structures_f_enoch_industrial.pbo - 150920
23:28:21 C:\SteamLibrary\steamapps\common\Arma 3\enoch\addons\structures_f_enoch_infrastructure.pbo - 148551
23:28:21 C:\SteamLibrary\steamapps\common\Arma 3\enoch\addons\structures_f_enoch_military.pbo - 150174
23:28:21 C:\SteamLibrary\steamapps\common\Arma 3\enoch\addons\supplies_f_enoch.pbo - 150249
23:28:21 C:\SteamLibrary\steamapps\common\Arma 3\enoch\addons\ui_f_enoch.pbo - 147095
23:28:21 C:\SteamLibrary\steamapps\common\Arma 3\enoch\addons\vegetation_f_enoch.pbo - 150192
23:28:21 C:\SteamLibrary\steamapps\common\Arma 3\enoch\addons\weapons_f_enoch.pbo - 150671
23:28:21 C:\SteamLibrary\steamapps\common\Arma 3\tank\addons\armor_f_tank.pbo - 150292
23:28:21 C:\SteamLibrary\steamapps\common\Arma 3\tank\addons\cargoposes_f_tank.pbo - 128283
23:28:21 C:\SteamLibrary\steamapps\common\Arma 3\tank\addons\characters_f_tank.pbo - 150968
23:28:21 C:\SteamLibrary\steamapps\common\Arma 3\tank\addons\data_f_tank.pbo - 128203
23:28:21 C:\SteamLibrary\steamapps\common\Arma 3\tank\addons\dubbing_f_tank.pbo - 127958
23:28:21 C:\SteamLibrary\steamapps\common\Arma 3\tank\addons\editorpreviews_f_tank.pbo - 137875
23:28:21 C:\SteamLibrary\steamapps\common\Arma 3\tank\addons\functions_f_tank.pbo - 125996
23:28:21 C:\SteamLibrary\steamapps\common\Arma 3\tank\addons\languagemissions_f_tank.pbo - 150993
23:28:21 C:\SteamLibrary\steamapps\common\Arma 3\tank\addons\language_f_tank.pbo - 150993
23:28:21 C:\SteamLibrary\steamapps\common\Arma 3\tank\addons\missions_f_tank.pbo - 150984
23:28:21 C:\SteamLibrary\steamapps\common\Arma 3\tank\addons\missions_f_tank_data.pbo - 128937
23:28:21 C:\SteamLibrary\steamapps\common\Arma 3\tank\addons\modules_f_tank.pbo - 147857
23:28:21 C:\SteamLibrary\steamapps\common\Arma 3\tank\addons\music_f_tank.pbo - 127912
23:28:21 C:\SteamLibrary\steamapps\common\Arma 3\tank\addons\props_f_tank.pbo - 131702
23:28:21 C:\SteamLibrary\steamapps\common\Arma 3\tank\addons\sounds_f_tank.pbo - 150867
23:28:21 C:\SteamLibrary\steamapps\common\Arma 3\tank\addons\structures_f_tank.pbo - 150249
23:28:21 C:\SteamLibrary\steamapps\common\Arma 3\tank\addons\ui_f_tank.pbo - 148551
23:28:21 C:\SteamLibrary\steamapps\common\Arma 3\tank\addons\weapons_f_tank.pbo - 150920
23:28:21 C:\SteamLibrary\steamapps\common\Arma 3\tacops\addons\characters_f_tacops.pbo - 129739
23:28:21 C:\SteamLibrary\steamapps\common\Arma 3\tacops\addons\data_f_tacops.pbo - 150102
23:28:21 C:\SteamLibrary\steamapps\common\Arma 3\tacops\addons\dubbing_f_tacops.pbo - 129340
23:28:21 C:\SteamLibrary\steamapps\common\Arma 3\tacops\addons\functions_f_tacops.pbo - 150415
23:28:21 C:\SteamLibrary\steamapps\common\Arma 3\tacops\addons\languagemissions_f_tacops.pbo - 150993
23:28:21 C:\SteamLibrary\steamapps\common\Arma 3\tacops\addons\language_f_tacops.pbo - 150993
23:28:21 C:\SteamLibrary\steamapps\common\Arma 3\tacops\addons\missions_f_tacops.pbo - 144976
23:28:21 C:\SteamLibrary\steamapps\common\Arma 3\tacops\addons\modules_f_tacops.pbo - 150149
23:28:21 C:\SteamLibrary\steamapps\common\Arma 3\tacops\addons\music_f_tacops.pbo - 124064
23:28:21 C:\SteamLibrary\steamapps\common\Arma 3\tacops\addons\sounds_f_tacops.pbo - 150867
23:28:21 C:\SteamLibrary\steamapps\common\Arma 3\tacops\addons\ui_f_tacops.pbo - 148551
23:28:21 C:\SteamLibrary\steamapps\common\Arma 3\orange\addons\air_f_orange.pbo - 150970
23:28:21 C:\SteamLibrary\steamapps\common\Arma 3\orange\addons\cargoposes_f_orange.pbo - 126225
23:28:21 C:\SteamLibrary\steamapps\common\Arma 3\orange\addons\characters_f_orange.pbo - 150968
23:28:21 C:\SteamLibrary\steamapps\common\Arma 3\orange\addons\data_f_orange.pbo - 144284
23:28:21 C:\SteamLibrary\steamapps\common\Arma 3\orange\addons\dubbing_f_orange.pbo - 121689
23:28:21 C:\SteamLibrary\steamapps\common\Arma 3\orange\addons\editorpreviews_f_orange.pbo - 123173
23:28:21 C:\SteamLibrary\steamapps\common\Arma 3\orange\addons\functions_f_orange.pbo - 150945
23:28:21 C:\SteamLibrary\steamapps\common\Arma 3\orange\addons\languagemissions_f_orange.pbo - 150993
23:28:21 C:\SteamLibrary\steamapps\common\Arma 3\orange\addons\language_f_orange.pbo - 150993
23:28:21 C:\SteamLibrary\steamapps\common\Arma 3\orange\addons\missions_f_orange.pbo - 150364
23:28:21 C:\SteamLibrary\steamapps\common\Arma 3\orange\addons\modules_f_orange.pbo - 143632
23:28:21 C:\SteamLibrary\steamapps\common\Arma 3\orange\addons\music_f_orange.pbo - 120725
23:28:21 C:\SteamLibrary\steamapps\common\Arma 3\orange\addons\props_f_orange.pbo - 148864
23:28:21 C:\SteamLibrary\steamapps\common\Arma 3\orange\addons\soft_f_orange.pbo - 150945
23:28:21 C:\SteamLibrary\steamapps\common\Arma 3\orange\addons\sounds_f_orange.pbo - 150867
23:28:21 C:\SteamLibrary\steamapps\common\Arma 3\orange\addons\structures_f_orange.pbo - 150867
23:28:21 C:\SteamLibrary\steamapps\common\Arma 3\orange\addons\supplies_f_orange.pbo - 129371
23:28:21 C:\SteamLibrary\steamapps\common\Arma 3\orange\addons\ui_f_orange.pbo - 149706
23:28:21 C:\SteamLibrary\steamapps\common\Arma 3\orange\addons\weapons_f_orange.pbo - 150671
23:28:21 C:\SteamLibrary\steamapps\common\Arma 3\argo\addons\armor_f_argo.pbo - 129739
23:28:21 C:\SteamLibrary\steamapps\common\Arma 3\argo\addons\characters_f_patrol.pbo - 149127
23:28:21 C:\SteamLibrary\steamapps\common\Arma 3\argo\addons\data_f_argo.pbo - 128209
23:28:21 C:\SteamLibrary\steamapps\common\Arma 3\argo\addons\data_f_patrol.pbo - 141307
23:28:21 C:\SteamLibrary\steamapps\common\Arma 3\argo\addons\editorpreviews_f_argo.pbo - 150968
23:28:21 C:\SteamLibrary\steamapps\common\Arma 3\argo\addons\functions_f_patrol.pbo - 141510
23:28:21 C:\SteamLibrary\steamapps\common\Arma 3\argo\addons\languagemissions_f_patrol.pbo - 150993
23:28:21 C:\SteamLibrary\steamapps\common\Arma 3\argo\addons\language_f_argo.pbo - 150993
23:28:21 C:\SteamLibrary\steamapps\common\Arma 3\argo\addons\language_f_patrol.pbo - 150993
23:28:21 C:\SteamLibrary\steamapps\common\Arma 3\argo\addons\map_malden.pbo - 150292
23:28:21 C:\SteamLibrary\steamapps\common\Arma 3\argo\addons\map_malden_data.pbo - 135888
23:28:21 C:\SteamLibrary\steamapps\common\Arma 3\argo\addons\map_malden_data_layers.pbo - 135888
23:28:21 C:\SteamLibrary\steamapps\common\Arma 3\argo\addons\map_malden_scenes_f.pbo - 120026
23:28:21 C:\SteamLibrary\steamapps\common\Arma 3\argo\addons\missions_f_patrol.pbo - 126663
23:28:21 C:\SteamLibrary\steamapps\common\Arma 3\argo\addons\modules_f_patrol.pbo - 119459
23:28:21 C:\SteamLibrary\steamapps\common\Arma 3\argo\addons\music_f_argo.pbo - 119459
23:28:21 C:\SteamLibrary\steamapps\common\Arma 3\argo\addons\props_f_argo.pbo - 129371
23:28:21 C:\SteamLibrary\steamapps\common\Arma 3\argo\addons\rocks_f_argo.pbo - 148432
23:28:21 C:\SteamLibrary\steamapps\common\Arma 3\argo\addons\sounds_f_patrol.pbo - 150867
23:28:21 C:\SteamLibrary\steamapps\common\Arma 3\argo\addons\structures_f_argo.pbo - 150961
23:28:21 C:\SteamLibrary\steamapps\common\Arma 3\argo\addons\ui_f_patrol.pbo - 141307
23:28:21 C:\SteamLibrary\steamapps\common\Arma 3\argo\addons\vegetation_f_argo.pbo - 148432
23:28:21 C:\SteamLibrary\steamapps\common\Arma 3\argo\addons\weapons_f_patrol.pbo - 141307
23:28:21 C:\SteamLibrary\steamapps\common\Arma 3\jets\addons\air_f_jets.pbo - 150968
23:28:21 C:\SteamLibrary\steamapps\common\Arma 3\jets\addons\anims_f_jets.pbo - 123210
23:28:21 C:\SteamLibrary\steamapps\common\Arma 3\jets\addons\boat_f_destroyer.pbo - 143297
23:28:21 C:\SteamLibrary\steamapps\common\Arma 3\jets\addons\boat_f_jets.pbo - 150071
23:28:21 C:\SteamLibrary\steamapps\common\Arma 3\jets\addons\cargoposes_f_jets.pbo - 126225
23:28:21 C:\SteamLibrary\steamapps\common\Arma 3\jets\addons\characters_f_jets.pbo - 129739
23:28:21 C:\SteamLibrary\steamapps\common\Arma 3\jets\addons\data_f_destroyer.pbo - 150370
23:28:21 C:\SteamLibrary\steamapps\common\Arma 3\jets\addons\data_f_jets.pbo - 150370
23:28:21 C:\SteamLibrary\steamapps\common\Arma 3\jets\addons\data_f_sams.pbo - 150370
23:28:21 C:\SteamLibrary\steamapps\common\Arma 3\jets\addons\dubbing_f_jets.pbo - 119457
23:28:21 C:\SteamLibrary\steamapps\common\Arma 3\jets\addons\editorpreviews_f_destroyer.pbo - 132141
23:28:21 C:\SteamLibrary\steamapps\common\Arma 3\jets\addons\editorpreviews_f_jets.pbo - 150968
23:28:21 C:\SteamLibrary\steamapps\common\Arma 3\jets\addons\editorpreviews_f_sams.pbo - 132141
23:28:21 C:\SteamLibrary\steamapps\common\Arma 3\jets\addons\functions_f_destroyer.pbo - 150071
23:28:21 C:\SteamLibrary\steamapps\common\Arma 3\jets\addons\functions_f_jets.pbo - 119457
23:28:21 C:\SteamLibrary\steamapps\common\Arma 3\jets\addons\languagemissions_f_jets.pbo - 150993
23:28:21 C:\SteamLibrary\steamapps\common\Arma 3\jets\addons\language_f_destroyer.pbo - 150993
23:28:21 C:\SteamLibrary\steamapps\common\Arma 3\jets\addons\language_f_jets.pbo - 150993
23:28:21 C:\SteamLibrary\steamapps\common\Arma 3\jets\addons\language_f_sams.pbo - 150993
23:28:21 C:\SteamLibrary\steamapps\common\Arma 3\jets\addons\missions_f_jets.pbo - 130755
23:28:21 C:\SteamLibrary\steamapps\common\Arma 3\jets\addons\modules_f_jets.pbo - 119459
23:28:21 C:\SteamLibrary\steamapps\common\Arma 3\jets\addons\music_f_jets.pbo - 119459
23:28:21 C:\SteamLibrary\steamapps\common\Arma 3\jets\addons\props_f_destroyer.pbo - 132141
23:28:21 C:\SteamLibrary\steamapps\common\Arma 3\jets\addons\props_f_jets.pbo - 129371
23:28:21 C:\SteamLibrary\steamapps\common\Arma 3\jets\addons\sounds_f_jets.pbo - 150867
23:28:21 C:\SteamLibrary\steamapps\common\Arma 3\jets\addons\static_f_destroyer.pbo - 140243
23:28:21 C:\SteamLibrary\steamapps\common\Arma 3\jets\addons\static_f_jets.pbo - 146744
23:28:21 C:\SteamLibrary\steamapps\common\Arma 3\jets\addons\static_f_sams.pbo - 146744
23:28:21 C:\SteamLibrary\steamapps\common\Arma 3\jets\addons\ui_f_jets.pbo - 126137
23:28:21 C:\SteamLibrary\steamapps\common\Arma 3\jets\addons\weapons_f_destroyer.pbo - 132268
23:28:21 C:\SteamLibrary\steamapps\common\Arma 3\jets\addons\weapons_f_jets.pbo - 148847
23:28:21 C:\SteamLibrary\steamapps\common\Arma 3\jets\addons\weapons_f_sams.pbo - 149414
23:28:21 C:\SteamLibrary\steamapps\common\Arma 3\expansion\addons\air_f_exp.pbo - 150885
23:28:21 C:\SteamLibrary\steamapps\common\Arma 3\expansion\addons\anims_f_exp.pbo - 126506
23:28:21 C:\SteamLibrary\steamapps\common\Arma 3\expansion\addons\armor_f_exp.pbo - 141671
23:28:21 C:\SteamLibrary\steamapps\common\Arma 3\expansion\addons\boat_f_exp.pbo - 150071
23:28:21 C:\SteamLibrary\steamapps\common\Arma 3\expansion\addons\cargoposes_f_exp.pbo - 126224
23:28:21 C:\SteamLibrary\steamapps\common\Arma 3\expansion\addons\characters_f_exp.pbo - 150968
23:28:21 C:\SteamLibrary\steamapps\common\Arma 3\expansion\addons\characters_f_oldman.pbo - 148698
23:28:21 C:\SteamLibrary\steamapps\common\Arma 3\expansion\addons\data_f_exp.pbo - 148936
23:28:21 C:\SteamLibrary\steamapps\common\Arma 3\expansion\addons\data_f_oldman.pbo - 148580
23:28:21 C:\SteamLibrary\steamapps\common\Arma 3\expansion\addons\dubbing_f_exp.pbo - 119457
23:28:21 C:\SteamLibrary\steamapps\common\Arma 3\expansion\addons\dubbing_f_oldman.pbo - 148756
23:28:21 C:\SteamLibrary\steamapps\common\Arma 3\expansion\addons\dubbing_radio_f_exp.pbo - 119458
23:28:21 C:\SteamLibrary\steamapps\common\Arma 3\expansion\addons\dubbing_radio_f_exp_data_chi.pbo - 119458
23:28:21 C:\SteamLibrary\steamapps\common\Arma 3\expansion\addons\dubbing_radio_f_exp_data_engfre.pbo - 119457
23:28:21 C:\SteamLibrary\steamapps\common\Arma 3\expansion\addons\dubbing_radio_f_exp_data_fre.pbo - 119457
23:28:21 C:\SteamLibrary\steamapps\common\Arma 3\expansion\addons\editorpreviews_f_exp.pbo - 150961
23:28:21 C:\SteamLibrary\steamapps\common\Arma 3\expansion\addons\editorpreviews_f_oldman.pbo - 150961
23:28:21 C:\SteamLibrary\steamapps\common\Arma 3\expansion\addons\functions_f_exp.pbo - 144006
23:28:21 C:\SteamLibrary\steamapps\common\Arma 3\expansion\addons\functions_f_oldman.pbo - 148553
23:28:21 C:\SteamLibrary\steamapps\common\Arma 3\expansion\addons\languagemissions_f_exp.pbo - 150993
23:28:21 C:\SteamLibrary\steamapps\common\Arma 3\expansion\addons\languagemissions_f_oldman.pbo - 150993
23:28:21 C:\SteamLibrary\steamapps\common\Arma 3\expansion\addons\language_f_exp.pbo - 150993
23:28:21 C:\SteamLibrary\steamapps\common\Arma 3\expansion\addons\language_f_oldman.pbo - 150993
23:28:21 C:\SteamLibrary\steamapps\common\Arma 3\expansion\addons\map_data_exp.pbo - 136265
23:28:21 C:\SteamLibrary\steamapps\common\Arma 3\expansion\addons\map_tanoabuka.pbo - 150292
23:28:21 C:\SteamLibrary\steamapps\common\Arma 3\expansion\addons\map_tanoabuka_data.pbo - 135884
23:28:21 C:\SteamLibrary\steamapps\common\Arma 3\expansion\addons\map_tanoabuka_data_layers.pbo - 121192
23:28:21 C:\SteamLibrary\steamapps\common\Arma 3\expansion\addons\map_tanoabuka_data_layers_00_00.pbo - 121192
23:28:21 C:\SteamLibrary\steamapps\common\Arma 3\expansion\addons\map_tanoa_scenes_f.pbo - 123527
23:28:21 C:\SteamLibrary\steamapps\common\Arma 3\expansion\addons\missions_f_exp.pbo - 144315
23:28:21 C:\SteamLibrary\steamapps\common\Arma 3\expansion\addons\missions_f_exp_data.pbo - 119459
23:28:21 C:\SteamLibrary\steamapps\common\Arma 3\expansion\addons\missions_f_exp_video.pbo - 119459
23:28:21 C:\SteamLibrary\steamapps\common\Arma 3\expansion\addons\missions_f_oldman.pbo - 150968
23:28:21 C:\SteamLibrary\steamapps\common\Arma 3\expansion\addons\modules_f_exp.pbo - 119459
23:28:21 C:\SteamLibrary\steamapps\common\Arma 3\expansion\addons\modules_f_oldman.pbo - 148553
23:28:21 C:\SteamLibrary\steamapps\common\Arma 3\expansion\addons\music_f_exp.pbo - 119477
23:28:21 C:\SteamLibrary\steamapps\common\Arma 3\expansion\addons\music_f_exp_music.pbo - 119477
23:28:21 C:\SteamLibrary\steamapps\common\Arma 3\expansion\addons\music_f_oldman.pbo - 148553
23:28:21 C:\SteamLibrary\steamapps\common\Arma 3\expansion\addons\music_f_oldman_music.pbo - 148679
23:28:21 C:\SteamLibrary\steamapps\common\Arma 3\expansion\addons\props_f_exp.pbo - 147637
23:28:21 C:\SteamLibrary\steamapps\common\Arma 3\expansion\addons\props_f_oldman.pbo - 150968
23:28:21 C:\SteamLibrary\steamapps\common\Arma 3\expansion\addons\rocks_f_exp.pbo - 148432
23:28:21 C:\SteamLibrary\steamapps\common\Arma 3\expansion\addons\soft_f_exp.pbo - 150945
23:28:21 C:\SteamLibrary\steamapps\common\Arma 3\expansion\addons\soft_f_oldman.pbo - 148580
23:28:21 C:\SteamLibrary\steamapps\common\Arma 3\expansion\addons\sounds_f_exp.pbo - 150920
23:28:21 C:\SteamLibrary\steamapps\common\Arma 3\expansion\addons\sounds_f_oldman.pbo - 150867
23:28:21 C:\SteamLibrary\steamapps\common\Arma 3\expansion\addons\static_f_exp.pbo - 119478
23:28:21 C:\SteamLibrary\steamapps\common\Arma 3\expansion\addons\static_f_oldman.pbo - 148580
23:28:21 C:\SteamLibrary\steamapps\common\Arma 3\expansion\addons\structures_f_exp.pbo - 150912
23:28:21 C:\SteamLibrary\steamapps\common\Arma 3\expansion\addons\structures_f_exp_civilian.pbo - 148739
23:28:21 C:\SteamLibrary\steamapps\common\Arma 3\expansion\addons\structures_f_exp_commercial.pbo - 148419
23:28:21 C:\SteamLibrary\steamapps\common\Arma 3\expansion\addons\structures_f_exp_cultural.pbo - 148419
23:28:21 C:\SteamLibrary\steamapps\common\Arma 3\expansion\addons\structures_f_exp_data.pbo - 148419
23:28:21 C:\SteamLibrary\steamapps\common\Arma 3\expansion\addons\structures_f_exp_industrial.pbo - 148419
23:28:21 C:\SteamLibrary\steamapps\common\Arma 3\expansion\addons\structures_f_exp_infrastructure.pbo - 148551
23:28:21 C:\SteamLibrary\steamapps\common\Arma 3\expansion\addons\structures_f_oldman.pbo - 150089
23:28:21 C:\SteamLibrary\steamapps\common\Arma 3\expansion\addons\supplies_f_exp.pbo - 148079
23:28:21 C:\SteamLibrary\steamapps\common\Arma 3\expansion\addons\supplies_f_oldman.pbo - 148553
23:28:21 C:\SteamLibrary\steamapps\common\Arma 3\expansion\addons\ui_f_exp.pbo - 123398
23:28:21 C:\SteamLibrary\steamapps\common\Arma 3\expansion\addons\ui_f_oldman.pbo - 149216
23:28:21 C:\SteamLibrary\steamapps\common\Arma 3\expansion\addons\vegetation_f_exp.pbo - 148432
23:28:21 C:\SteamLibrary\steamapps\common\Arma 3\expansion\addons\weapons_f_exp.pbo - 150671
23:28:21 C:\SteamLibrary\steamapps\common\Arma 3\mark\addons\anims_f_mark.pbo - 119457
23:28:21 C:\SteamLibrary\steamapps\common\Arma 3\mark\addons\characters_f_mark.pbo - 150968
23:28:21 C:\SteamLibrary\steamapps\common\Arma 3\mark\addons\data_f_mark.pbo - 129371
23:28:21 C:\SteamLibrary\steamapps\common\Arma 3\mark\addons\dubbing_f_mark.pbo - 119457
23:28:21 C:\SteamLibrary\steamapps\common\Arma 3\mark\addons\dubbing_f_mp_mark.pbo - 119457
23:28:21 C:\SteamLibrary\steamapps\common\Arma 3\mark\addons\functions_f_mark.pbo - 150934
23:28:21 C:\SteamLibrary\steamapps\common\Arma 3\mark\addons\functions_f_mp_mark.pbo - 150802
23:28:21 C:\SteamLibrary\steamapps\common\Arma 3\mark\addons\languagemissions_f_mark.pbo - 150993
23:28:21 C:\SteamLibrary\steamapps\common\Arma 3\mark\addons\languagemissions_f_mp_mark.pbo - 150993
23:28:21 C:\SteamLibrary\steamapps\common\Arma 3\mark\addons\language_f_mark.pbo - 150993
23:28:21 C:\SteamLibrary\steamapps\common\Arma 3\mark\addons\language_f_mp_mark.pbo - 150993
23:28:21 C:\SteamLibrary\steamapps\common\Arma 3\mark\addons\missions_f_mark.pbo - 122301
23:28:21 C:\SteamLibrary\steamapps\common\Arma 3\mark\addons\missions_f_mark_data.pbo - 119459
23:28:21 C:\SteamLibrary\steamapps\common\Arma 3\mark\addons\missions_f_mark_video.pbo - 119459
23:28:21 C:\SteamLibrary\steamapps\common\Arma 3\mark\addons\missions_f_mp_mark.pbo - 141704
23:28:21 C:\SteamLibrary\steamapps\common\Arma 3\mark\addons\missions_f_mp_mark_data.pbo - 119459
23:28:21 C:\SteamLibrary\steamapps\common\Arma 3\mark\addons\modules_f_mark.pbo - 148886
23:28:21 C:\SteamLibrary\steamapps\common\Arma 3\mark\addons\modules_f_mp_mark.pbo - 150251
23:28:21 C:\SteamLibrary\steamapps\common\Arma 3\mark\addons\music_f_mark.pbo - 119477
23:28:21 C:\SteamLibrary\steamapps\common\Arma 3\mark\addons\music_f_mark_music.pbo - 119477
23:28:21 C:\SteamLibrary\steamapps\common\Arma 3\mark\addons\sounds_f_mark.pbo - 150867
23:28:21 C:\SteamLibrary\steamapps\common\Arma 3\mark\addons\static_f_mark.pbo - 146756
23:28:21 C:\SteamLibrary\steamapps\common\Arma 3\mark\addons\structures_f_mark.pbo - 149003
23:28:21 C:\SteamLibrary\steamapps\common\Arma 3\mark\addons\supplies_f_mark.pbo - 140562
23:28:21 C:\SteamLibrary\steamapps\common\Arma 3\mark\addons\ui_f_mark.pbo - 119478
23:28:21 C:\SteamLibrary\steamapps\common\Arma 3\mark\addons\ui_f_mp_mark.pbo - 119478
23:28:21 C:\SteamLibrary\steamapps\common\Arma 3\mark\addons\weapons_f_mark.pbo - 149339
23:28:21 C:\SteamLibrary\steamapps\common\Arma 3\heli\addons\air_f_heli.pbo - 150885
23:28:21 C:\SteamLibrary\steamapps\common\Arma 3\heli\addons\anims_f_heli.pbo - 123210
23:28:21 C:\SteamLibrary\steamapps\common\Arma 3\heli\addons\boat_f_heli.pbo - 119457
23:28:21 C:\SteamLibrary\steamapps\common\Arma 3\heli\addons\cargoposes_f_heli.pbo - 126231
23:28:21 C:\SteamLibrary\steamapps\common\Arma 3\heli\addons\data_f_heli.pbo - 119457
23:28:21 C:\SteamLibrary\steamapps\common\Arma 3\heli\addons\dubbing_f_heli.pbo - 119457
23:28:21 C:\SteamLibrary\steamapps\common\Arma 3\heli\addons\functions_f_heli.pbo - 123022
23:28:21 C:\SteamLibrary\steamapps\common\Arma 3\heli\addons\languagemissions_f_heli.pbo - 150993
23:28:21 C:\SteamLibrary\steamapps\common\Arma 3\heli\addons\language_f_heli.pbo - 150993
23:28:21 C:\SteamLibrary\steamapps\common\Arma 3\heli\addons\missions_f_heli.pbo - 129397
23:28:21 C:\SteamLibrary\steamapps\common\Arma 3\heli\addons\missions_f_heli_data.pbo - 119459
23:28:21 C:\SteamLibrary\steamapps\common\Arma 3\heli\addons\missions_f_heli_video.pbo - 119459
23:28:21 C:\SteamLibrary\steamapps\common\Arma 3\heli\addons\modules_f_heli.pbo - 150249
23:28:21 C:\SteamLibrary\steamapps\common\Arma 3\heli\addons\music_f_heli.pbo - 119477
23:28:21 C:\SteamLibrary\steamapps\common\Arma 3\heli\addons\music_f_heli_music.pbo - 119477
23:28:21 C:\SteamLibrary\steamapps\common\Arma 3\heli\addons\soft_f_heli.pbo - 129742
23:28:21 C:\SteamLibrary\steamapps\common\Arma 3\heli\addons\sounds_f_heli.pbo - 150867
23:28:21 C:\SteamLibrary\steamapps\common\Arma 3\heli\addons\structures_f_heli.pbo - 141968
23:28:21 C:\SteamLibrary\steamapps\common\Arma 3\heli\addons\supplies_f_heli.pbo - 145695
23:28:21 C:\SteamLibrary\steamapps\common\Arma 3\heli\addons\ui_f_heli.pbo - 119478
23:28:21 C:\SteamLibrary\steamapps\common\Arma 3\kart\addons\anims_f_kart.pbo - 123210
23:28:21 C:\SteamLibrary\steamapps\common\Arma 3\kart\addons\characters_f_kart.pbo - 150968
23:28:21 C:\SteamLibrary\steamapps\common\Arma 3\kart\addons\data_f_kart.pbo - 119457
23:28:21 C:\SteamLibrary\steamapps\common\Arma 3\kart\addons\languagemissions_f_kart.pbo - 150993
23:28:21 C:\SteamLibrary\steamapps\common\Arma 3\kart\addons\language_f_kart.pbo - 150993
23:28:21 C:\SteamLibrary\steamapps\common\Arma 3\kart\addons\missions_f_kart.pbo - 149274
23:28:21 C:\SteamLibrary\steamapps\common\Arma 3\kart\addons\missions_f_kart_data.pbo - 119459
23:28:21 C:\SteamLibrary\steamapps\common\Arma 3\kart\addons\modules_f_kart.pbo - 150028
23:28:21 C:\SteamLibrary\steamapps\common\Arma 3\kart\addons\modules_f_kart_data.pbo - 149274
23:28:21 C:\SteamLibrary\steamapps\common\Arma 3\kart\addons\soft_f_kart.pbo - 150945
23:28:21 C:\SteamLibrary\steamapps\common\Arma 3\kart\addons\sounds_f_kart.pbo - 150867
23:28:21 C:\SteamLibrary\steamapps\common\Arma 3\kart\addons\structures_f_kart.pbo - 123419
23:28:21 C:\SteamLibrary\steamapps\common\Arma 3\kart\addons\ui_f_kart.pbo - 119478
23:28:21 C:\SteamLibrary\steamapps\common\Arma 3\kart\addons\weapons_f_kart.pbo - 138461
23:28:21 C:\SteamLibrary\steamapps\common\Arma 3\curator\addons\data_f_curator.pbo - 150867
23:28:21 C:\SteamLibrary\steamapps\common\Arma 3\curator\addons\data_f_curator_music.pbo - 119457
23:28:21 C:\SteamLibrary\steamapps\common\Arma 3\curator\addons\functions_f_curator.pbo - 150945
23:28:21 C:\SteamLibrary\steamapps\common\Arma 3\curator\addons\language_f_curator.pbo - 150993
23:28:21 C:\SteamLibrary\steamapps\common\Arma 3\curator\addons\missions_f_curator.pbo - 121570
23:28:21 C:\SteamLibrary\steamapps\common\Arma 3\curator\addons\modules_f_curator.pbo - 150096
23:28:21 C:\SteamLibrary\steamapps\common\Arma 3\curator\addons\ui_f_curator.pbo - 150867
23:28:21 addons\3den.pbo - 150977
23:28:21 addons\3den_language.pbo - 150993
23:28:21 addons\a3.pbo - unknown
23:28:21 addons\air_f.pbo - 150885
23:28:21 addons\air_f_beta.pbo - 150885
23:28:21 addons\air_f_epb.pbo - 150885
23:28:21 addons\air_f_epc.pbo - 150048
23:28:21 addons\air_f_gamma.pbo - 150048
23:28:21 addons\animals_f.pbo - 150071
23:28:21 addons\animals_f_beta.pbo - 150071
23:28:21 addons\anims_f.pbo - 150686
23:28:21 addons\anims_f_bootcamp.pbo - 123209
23:28:21 addons\anims_f_data.pbo - 148601
23:28:21 addons\anims_f_epa.pbo - 134499
23:28:21 addons\anims_f_epc.pbo - 121358
23:28:21 addons\anims_f_exp_a.pbo - 123209
23:28:21 addons\anims_f_mod.pbo - 135280
23:28:21 addons\armor_f.pbo - 149414
23:28:21 addons\armor_f_beta.pbo - 150339
23:28:21 addons\armor_f_decade.pbo - 150805
23:28:21 addons\armor_f_epb.pbo - 150260
23:28:21 addons\armor_f_epc.pbo - 148819
23:28:21 addons\armor_f_gamma.pbo - 150803
23:28:21 addons\baseconfig_f.pbo - 119457
23:28:21 addons\boat_f.pbo - 150265
23:28:21 addons\boat_f_beta.pbo - 132036
23:28:21 addons\boat_f_epc.pbo - 131911
23:28:21 addons\boat_f_gamma.pbo - 127529
23:28:21 addons\cargoposes_f.pbo - 149489
23:28:21 addons\characters_f.pbo - 150993
23:28:21 addons\characters_f_beta.pbo - 149965
23:28:21 addons\characters_f_bootcamp.pbo - 149274
23:28:21 addons\characters_f_decade.pbo - 150784
23:28:21 addons\characters_f_epa.pbo - 148392
23:28:21 addons\characters_f_epb.pbo - 150968
23:28:21 addons\characters_f_epc.pbo - 150968
23:28:21 addons\characters_f_gamma.pbo - 150968
23:28:21 addons\data_f.pbo - 150322
23:28:21 addons\data_f_bootcamp.pbo - 129618
23:28:21 addons\data_f_decade.pbo - 150764
23:28:21 addons\data_f_exp_a.pbo - 119457
23:28:21 addons\data_f_exp_b.pbo - 119457
23:28:21 addons\data_f_mod.pbo - 131534
23:28:21 addons\data_f_warlords.pbo - 150867
23:28:21 addons\drones_f.pbo - 146855
23:28:21 addons\dubbing_f.pbo - 119457
23:28:21 addons\dubbing_f_beta.pbo - 119457
23:28:21 addons\dubbing_f_bootcamp.pbo - 119457
23:28:21 addons\dubbing_f_epa.pbo - 119457
23:28:21 addons\dubbing_f_epb.pbo - 119457
23:28:21 addons\dubbing_f_epc.pbo - 119457
23:28:21 addons\dubbing_f_gamma.pbo - 122449
23:28:21 addons\dubbing_f_warlords.pbo - 136700
23:28:21 addons\dubbing_radio_f.pbo - 119457
23:28:21 addons\dubbing_radio_f_data_eng.pbo - 119457
23:28:21 addons\dubbing_radio_f_data_engb.pbo - 119458
23:28:21 addons\dubbing_radio_f_data_gre.pbo - 119458
23:28:21 addons\dubbing_radio_f_data_per.pbo - 150218
23:28:21 addons\dubbing_radio_f_data_vr.pbo - 119458
23:28:21 addons\editorpreviews_f.pbo - 150963
23:28:21 addons\editorpreviews_f_decade.pbo - 150645
23:28:21 addons\editor_f.pbo - 121103
23:28:21 addons\functions_f.pbo - 150968
23:28:21 addons\functions_f_bootcamp.pbo - 150684
23:28:21 addons\functions_f_decade.pbo - 150807
23:28:21 addons\functions_f_epa.pbo - 150249
23:28:21 addons\functions_f_epc.pbo - 119458
23:28:21 addons\functions_f_exp_a.pbo - 150958
23:28:21 addons\functions_f_warlords.pbo - 150354
23:28:21 addons\languagemissions_f.pbo - 150993
23:28:21 addons\languagemissions_f_beta.pbo - 150993
23:28:21 addons\languagemissions_f_bootcamp.pbo - 150993
23:28:21 addons\languagemissions_f_epa.pbo - 150993
23:28:21 addons\languagemissions_f_epb.pbo - 150993
23:28:21 addons\languagemissions_f_epc.pbo - 150993
23:28:21 addons\languagemissions_f_exp_a.pbo - 150993
23:28:21 addons\languagemissions_f_gamma.pbo - 150993
23:28:21 addons\language_f.pbo - 150993
23:28:21 addons\language_f_beta.pbo - 150993
23:28:21 addons\language_f_bootcamp.pbo - 150993
23:28:21 addons\language_f_decade.pbo - 150993
23:28:21 addons\language_f_epa.pbo - 150993
23:28:21 addons\language_f_epb.pbo - 150993
23:28:21 addons\language_f_epc.pbo - 150993
23:28:21 addons\language_f_exp_a.pbo - 150993
23:28:21 addons\language_f_exp_b.pbo - 150993
23:28:21 addons\language_f_gamma.pbo - 150993
23:28:21 addons\language_f_mod.pbo - 150993
23:28:21 addons\language_f_warlords.pbo - 150993
23:28:21 addons\map_altis.pbo - 148442
23:28:21 addons\map_altis_data.pbo - 135904
23:28:21 addons\map_altis_data_layers.pbo - 135913
23:28:21 addons\map_altis_data_layers_00_00.pbo - 0000
23:28:21 addons\map_altis_data_layers_00_01.pbo - 0000
23:28:21 addons\map_altis_data_layers_01_00.pbo - 0000
23:28:21 addons\map_altis_data_layers_01_01.pbo - 0000
23:28:21 addons\map_altis_scenes_f.pbo - 119459
23:28:21 addons\map_data.pbo - 134124
23:28:21 addons\map_stratis.pbo - 148442
23:28:21 addons\map_stratis_data.pbo - 135888
23:28:21 addons\map_stratis_data_layers.pbo - 135888
23:28:21 addons\map_stratis_scenes_f.pbo - 119459
23:28:21 addons\map_vr.pbo - 135900
23:28:21 addons\map_vr_scenes_f.pbo - 119459
23:28:21 addons\misc_f.pbo - 119459
23:28:21 addons\missions_f.pbo - 141704
23:28:21 addons\missions_f_beta.pbo - 150697
23:28:21 addons\missions_f_beta_data.pbo - 150867
23:28:21 addons\missions_f_beta_video.pbo - 119459
23:28:21 addons\missions_f_bootcamp.pbo - 145509
23:28:21 addons\missions_f_bootcamp_data.pbo - 150867
23:28:21 addons\missions_f_bootcamp_video.pbo - 119459
23:28:21 addons\missions_f_data.pbo - 119459
23:28:21 addons\missions_f_epa.pbo - 150459
23:28:21 addons\missions_f_epa_data.pbo - 119459
23:28:21 addons\missions_f_epa_video.pbo - 119459
23:28:21 addons\missions_f_epb.pbo - 119459
23:28:21 addons\missions_f_epc.pbo - 141704
23:28:21 addons\missions_f_exp_a.pbo - 141704
23:28:21 addons\missions_f_exp_a_data.pbo - 119459
23:28:21 addons\missions_f_gamma.pbo - 150176
23:28:21 addons\missions_f_gamma_data.pbo - 119459
23:28:21 addons\missions_f_gamma_video.pbo - 119459
23:28:21 addons\missions_f_video.pbo - 119459
23:28:21 addons\missions_f_warlords.pbo - 145437
23:28:21 addons\modules_f.pbo - 150958
23:28:21 addons\modules_f_beta.pbo - 150348
23:28:21 addons\modules_f_beta_data.pbo - 149274
23:28:21 addons\modules_f_bootcamp.pbo - 119459
23:28:21 addons\modules_f_data.pbo - 122470
23:28:21 addons\modules_f_epb.pbo - 134655
23:28:21 addons\modules_f_exp_a.pbo - 119459
23:28:21 addons\modules_f_warlords.pbo - 144205
23:28:21 addons\music_f.pbo - 119459
23:28:21 addons\music_f_bootcamp.pbo - 119459
23:28:21 addons\music_f_bootcamp_music.pbo - 119459
23:28:21 addons\music_f_epa.pbo - 119459
23:28:21 addons\music_f_epa_music.pbo - 119459
23:28:21 addons\music_f_epb.pbo - 119459
23:28:21 addons\music_f_epb_music.pbo - 119459
23:28:21 addons\music_f_epc.pbo - 119459
23:28:21 addons\music_f_epc_music.pbo - 119477
23:28:21 addons\music_f_music.pbo - 119477
23:28:21 addons\plants_f.pbo - 148432
23:28:21 addons\props_f_decade.pbo - 150920
23:28:21 addons\props_f_exp_a.pbo - 147637
23:28:21 addons\roads_f.pbo - 148432
23:28:21 addons\rocks_f.pbo - 149339
23:28:21 addons\signs_f.pbo - 148432
23:28:21 addons\soft_f.pbo - 150945
23:28:21 addons\soft_f_beta.pbo - 150920
23:28:21 addons\soft_f_bootcamp.pbo - 150071
23:28:21 addons\soft_f_epc.pbo - 150070
23:28:21 addons\soft_f_gamma.pbo - 150920
23:28:21 addons\sounds_f.pbo - 150927
23:28:21 addons\sounds_f_arsenal.pbo - 150867
23:28:21 addons\sounds_f_bootcamp.pbo - 150842
23:28:21 addons\sounds_f_characters.pbo - 150867
23:28:21 addons\sounds_f_decade.pbo - 150867
23:28:21 addons\sounds_f_environment.pbo - 150867
23:28:21 addons\sounds_f_epb.pbo - 150867
23:28:21 addons\sounds_f_epc.pbo - 150867
23:28:21 addons\sounds_f_exp_a.pbo - 150867
23:28:21 addons\sounds_f_mod.pbo - 150867
23:28:21 addons\sounds_f_sfx.pbo - 150867
23:28:21 addons\sounds_f_vehicles.pbo - 150867
23:28:21 addons\static_f.pbo - 150926
23:28:21 addons\static_f_beta.pbo - 132365
23:28:21 addons\static_f_gamma.pbo - 122615
23:28:21 addons\structures_f.pbo - 150697
23:28:21 addons\structures_f_bootcamp.pbo - 143436
23:28:21 addons\structures_f_data.pbo - 148419
23:28:21 addons\structures_f_epa.pbo - 149252
23:28:21 addons\structures_f_epb.pbo - 148421
23:28:21 addons\structures_f_epc.pbo - 148804
23:28:21 addons\structures_f_exp_a.pbo - 150912
23:28:21 addons\structures_f_households.pbo - 150926
23:28:21 addons\structures_f_ind.pbo - 150048
23:28:21 addons\structures_f_mil.pbo - 150697
23:28:21 addons\structures_f_wrecks.pbo - 148419
23:28:21 addons\uifonts_f.pbo - 119478
23:28:21 addons\uifonts_f_data.pbo - 150106
23:28:21 addons\ui_f.pbo - 150976
23:28:21 addons\ui_f_bootcamp.pbo - 119478
23:28:21 addons\ui_f_data.pbo - 150976
23:28:21 addons\ui_f_decade.pbo - 150746
23:28:21 addons\ui_f_exp_a.pbo - 119478
23:28:21 addons\weapons_f.pbo - 150926
23:28:21 addons\weapons_f_beta.pbo - 150174
23:28:21 addons\weapons_f_bootcamp.pbo - 141713
23:28:21 addons\weapons_f_decade.pbo - 150757
23:28:21 addons\weapons_f_epa.pbo - 150905
23:28:21 addons\weapons_f_epb.pbo - 137810
23:28:21 addons\weapons_f_epc.pbo - 130416
23:28:21 addons\weapons_f_gamma.pbo - 148783
23:28:21 addons\weapons_f_mod.pbo - 149339
23:28:21 
23:28:21 =======================
23:28:21 
23:28:21 Global namespace not passed during: false
23:28:21 Global namespace not passed during: false
23:28:21 Error in expression <false>
23:28:21   Error position: <false>
23:28:21   Error Local variable in global space
23:28:21 Global namespace not passed during: false
23:28:21 Global namespace not passed during: false
23:28:21 Error in expression <false>
23:28:21   Error position: <false>
23:28:21   Error Local variable in global space
23:28:22 ============================================================================================= List of mods ===============================================================================================
23:28:22 modsReadOnly = true
23:28:22 safeModsActivated = false
23:28:22 customMods = true
23:28:22 hash = '3D67EB0D1D9E71E7EBD4DD9046C97C625C1776ED'
23:28:22 hashShort = '4a4db9c4'
23:28:22                                               name |               modDir |    default |   official |               origin |                                     hash | hashShort | fullPath
23:28:22 ----------------------------------------------------------------------------------------------------------------------------------------------------------------------------------------------------------
23:28:22                               A3UE NARCOS factions |          a3ue_narcos |      false |      false |             GAME DIR | 55fc3a68d4b7dba8357d14c6f283e01df1e700f4 |   807afec | D:\PROGRAMAS\archivos de programa\A3UE\NARCOS\build\a3ue_narcos
23:28:22                       Drongo's Command Enhancement | @Drongos Command Enhancement |      false |      false |             GAME DIR | 2cc5ecf6807493f4341d8664e07017788da47038 |  79d87196 | C:\SteamLibrary\steamapps\common\Arma 3\!Workshop\@Drongos Command Enhancement
23:28:22                                    Loot to vehicle |     @Loot to vehicle |      false |      false |             GAME DIR | 26659ebaaf99d2e1c54173b5c20eda775618686d |  a191576c | C:\SteamLibrary\steamapps\common\Arma 3\!Workshop\@Loot to vehicle
23:28:22                             @Hate's Digital Camera | @Hate's Digital Camera |      false |      false |             GAME DIR | d8a63a9c44d16548cc926aaada769e82db56cd92 |  a8ae0180 | C:\SteamLibrary\steamapps\common\Arma 3\!Workshop\@Hate's Digital Camera
23:28:22                  ACE Grenades in hatches - Tweaked | @ACE Grenades in hatches - Tweaked |      false |      false |             GAME DIR | b329a183f9e929e7da48ea3af3008120a4c20854 |  77fd9a2b | C:\SteamLibrary\steamapps\common\Arma 3\!Workshop\@ACE Grenades in hatches - Tweaked
23:28:22                         @Real Lighting and Weather | @Real Lighting and Weather |      false |      false |             GAME DIR | e51ecac75f734e7074585bf6eb720049fa6b39f6 |  797a7744 | C:\SteamLibrary\steamapps\common\Arma 3\!Workshop\@Real Lighting and Weather
23:28:22                              Combat Mode Go Go Go! | @Go Go Go & Move Faster Modes |      false |      false |             GAME DIR | 39bda5183a38fd65b37c63ddc81d46e5e7ff05de |  657eca07 | C:\SteamLibrary\steamapps\common\Arma 3\!Workshop\@Go Go Go & Move Faster Modes
23:28:22                              Gruppe Adler Trenches | @Gruppe Adler Trenches |      false |      false |             GAME DIR | 1ee471476cc4b086991bb4817740f24cd560265b |   6cb8f01 | C:\SteamLibrary\steamapps\common\Arma 3\!Workshop\@Gruppe Adler Trenches
23:28:22                               Hide Among The Grass | @Hide Among The Grass - HATG |      false |      false |             GAME DIR | c66adea6169a959b3496dcdacb9106b1a0941e84 |  cfe6ce0e | C:\SteamLibrary\steamapps\common\Arma 3\!Workshop\@Hide Among The Grass - HATG
23:28:22                                   Better Inventory |    @Better Inventory |      false |      false |             GAME DIR | 07f27b642dc965a159997583bba5b8d65dd92f8f |  a930c0ba | C:\SteamLibrary\steamapps\common\Arma 3\!Workshop\@Better Inventory
23:28:22                           Enhanced Movement Rework | @Enhanced Movement Rework |      false |      false |             GAME DIR | 8bf1a91aa4c72d994113cb594e0e57d03fab4f53 |  5d2b39a0 | C:\SteamLibrary\steamapps\common\Arma 3\!Workshop\@Enhanced Movement Rework
23:28:22         JSRS Soundmod 2025 Beta - AiO Compat Files | @JSRS SOUNDMOD 2025 Beta - AiO Compat Files RC2.2 |      false |      false |             GAME DIR | d410ef8091095c6c00d489d924026528fa5dadca |  772101a6 | C:\SteamLibrary\steamapps\common\Arma 3\!Workshop\@JSRS SOUNDMOD 2025 Beta - AiO Compat Files RC2.2
23:28:22          JSRS Soundmod 2025 Beta RC2.2 - Dev Build | @JSRS SOUNDMOD 2025 Beta - RC2.2 |      false |      false |             GAME DIR | 947fecb71ae1f8831292ab40778bca0d9e9da219 |  d1328811 | C:\SteamLibrary\steamapps\common\Arma 3\!Workshop\@JSRS SOUNDMOD 2025 Beta - RC2.2
23:28:22                          @Cytech Gamemode Vehicles | @Cytech Gamemode Vehicles |      false |      false |             GAME DIR | c794366db2c375a7402b75f7c84eb7b250b60437 |  5febb9c9 | C:\SteamLibrary\steamapps\common\Arma 3\!Workshop\@Cytech Gamemode Vehicles
23:28:22                      @Toyota's Of War (2016 Hilux) | @Toyota's Of War (2016 Hilux) |      false |      false |             GAME DIR | 50243586931f1f7ff25ffb2e625604a64b944ba5 |  439b1b2d | C:\SteamLibrary\steamapps\common\Arma 3\!Workshop\@Toyota's Of War (2016 Hilux)
23:28:22                            @Toyota's Of War (Core) | @Toyota's Of War (Core) |      false |      false |             GAME DIR | 0aeebf82386b8d14ea41a9ac91db98bb27b5abbe |  42cb9c0b | C:\SteamLibrary\steamapps\common\Arma 3\!Workshop\@Toyota's Of War (Core)
23:28:22                   BRAF - Brazilian Armed Forces A3 | @BRAF - Brazilian Armed Forces A3 |      false |      false |             GAME DIR | 779545a5f3585a11c39f9b72a0104f2a1af84b24 |  217e91df | C:\SteamLibrary\steamapps\common\Arma 3\!Workshop\@BRAF - Brazilian Armed Forces A3
23:28:22                                    A3UE BLN Rebels | @A3UE BLN Rebel faction |      false |      false |             GAME DIR | 6f997cf2657b05a68650ea3f0f1d305b0ba13144 |  ac265e37 | C:\SteamLibrary\steamapps\common\Arma 3\!Workshop\@A3UE BLN Rebel faction
23:28:22                                   16AA public mods |   @Interiors for CUP |      false |      false |             GAME DIR | 6293e310b5e6cd063c4adf84443649ae76b5efc8 |  70286545 | C:\SteamLibrary\steamapps\common\Arma 3\!Workshop\@Interiors for CUP
23:28:22                            Dying and Hit Reactions | @Death and Hit reactions |      false |      false |             GAME DIR | f1c51c358a8fd59fd687c8b142cb0b0388f7ce6f |  58423eb0 | C:\SteamLibrary\steamapps\common\Arma 3\!Workshop\@Death and Hit reactions
23:28:22                               Zeus Enhanced 1.15.1 |       @Zeus Enhanced |      false |      false |             GAME DIR | a61552f15b089dd008af93546a21201149fcb5e8 |  962056a3 | C:\SteamLibrary\steamapps\common\Arma 3\!Workshop\@Zeus Enhanced
23:28:22                                  Enhanced Movement |   @Enhanced Movement |      false |      false |             GAME DIR | fbc1f582c89f11919f9c6ead5d842e6c1aea9b71 |  a47fddc8 | C:\SteamLibrary\steamapps\common\Arma 3\!Workshop\@Enhanced Movement
23:28:22                                 Max Women Soldiers |  @Max Women Soldiers |      false |      false |             GAME DIR | f80395a91c0a2b7353ade96703ebba4cd7ebf51b |  4c08dd24 | C:\SteamLibrary\steamapps\common\Arma 3\!Workshop\@Max Women Soldiers
23:28:22                 Advanced Combat Environment 3.19.3 |                 @ace |      false |      false |             GAME DIR | 48d7410ed5c938f087b686328fb18246f19bdf73 |  6749a172 | C:\SteamLibrary\steamapps\common\Arma 3\!Workshop\@ace
23:28:22                                 Antistasi Ultimate | @Antistasi Ultimate - Mod |      false |      false |             GAME DIR | 5d43e5bab3f108196a3b735f49e08929e79ae516 |  ec73afbf | C:\SteamLibrary\steamapps\common\Arma 3\!Workshop\@Antistasi Ultimate - Mod
23:28:22                                CUP Vehicles 1.18.1 |        @CUP Vehicles |      false |      false |             GAME DIR | 13eb55c656b388599e0762673f7063aad4e5212c |  db7cdbb1 | C:\SteamLibrary\steamapps\common\Arma 3\!Workshop\@CUP Vehicles
23:28:22                                   CUP Units 1.18.1 |           @CUP Units |      false |      false |             GAME DIR | 8b0db8a8791172751b9765b3767379e4d4b21537 |  fdfd57d9 | C:\SteamLibrary\steamapps\common\Arma 3\!Workshop\@CUP Units
23:28:22                         CUP Terrains - Core 1.17.1 | @CUP Terrains - Core |      false |      false |             GAME DIR | dabf827d62e08c1ffe2cf7f5a06be6685b3a44e9 |  503b396c | C:\SteamLibrary\steamapps\common\Arma 3\!Workshop\@CUP Terrains - Core
23:28:22                                 CUP Weapons 1.18.1 |         @CUP Weapons |      false |      false |             GAME DIR | d5c4c5671e4f8eda571893d598c3944c955ffed8 |  347c577a | C:\SteamLibrary\steamapps\common\Arma 3\!Workshop\@CUP Weapons
23:28:22                      Community Base Addons v3.18.3 |              @CBA_A3 |      false |      false |             GAME DIR | 08b07be359d8a777f949bd7da2c03b8d1cd3ce46 |  740ffed2 | C:\SteamLibrary\steamapps\common\Arma 3\!Workshop\@CBA_A3
23:28:22                           Advanced Developer Tools | @Advanced Developer Tools |      false |      false |             GAME DIR | 0fa37f648d862017f795e28120a9fb11f059fdbb |   a8bdb34 | C:\SteamLibrary\steamapps\common\Arma 3\!Workshop\@Advanced Developer Tools
23:28:22                                  Arma 3 Art of War |                  aow |       true |       true |             GAME DIR | c6afb04056f1cea283c60e13b6d5ac8049140341 |  2ed2ccad | C:\SteamLibrary\steamapps\common\Arma 3\aow
23:28:22                          Arma 3 Contact (Platform) |                enoch |       true |       true |             GAME DIR | 72172fe806a8cd128d5dd5f224dbf754b69af881 |  32ed0446 | C:\SteamLibrary\steamapps\common\Arma 3\enoch
23:28:22                                       Arma 3 Tanks |                 tank |       true |       true |             GAME DIR | 35ef3b19b5ebd31d7da21565717f6d5c768edd59 |  9c4a0882 | C:\SteamLibrary\steamapps\common\Arma 3\tank
23:28:22                                     Arma 3 Tac-Ops |               tacops |       true |       true |             GAME DIR | e03d923a8391d527d34c3a2d311e6f2554df18c8 |  e6729774 | C:\SteamLibrary\steamapps\common\Arma 3\tacops
23:28:22                                 Arma 3 Laws of War |               orange |       true |       true |             GAME DIR | 71940c7021e27b4ae72cd6a527ff56784725850a |  d27bf111 | C:\SteamLibrary\steamapps\common\Arma 3\orange
23:28:22                                      Arma 3 Malden |                 argo |       true |       true |             GAME DIR | 230aad2992427ef22b803e177bdedda7b3f1727d |  2e502f53 | C:\SteamLibrary\steamapps\common\Arma 3\argo
23:28:22                                        Arma 3 Jets |                 jets |       true |       true |             GAME DIR | d58526aaa24a73aa53d11b82f00cf49dc3ef3216 |  d39b144d | C:\SteamLibrary\steamapps\common\Arma 3\jets
23:28:22                                        Arma 3 Apex |            expansion |       true |       true |             GAME DIR | dded307173ad9bb62fe09a5084bb7d70c81639d3 |  57f2ccad | C:\SteamLibrary\steamapps\common\Arma 3\expansion
23:28:22                                    Arma 3 Marksmen |                 mark |       true |       true |             GAME DIR | eb956eb99f1a33cef4f825f8d52bc9ca9ef3d4cd |   d605b72 | C:\SteamLibrary\steamapps\common\Arma 3\mark
23:28:22                                 Arma 3 Helicopters |                 heli |       true |       true |             GAME DIR | 0e14ac1e91df7c56725b1dc9a939c50c5d93fd4c |  a6e7077f | C:\SteamLibrary\steamapps\common\Arma 3\heli
23:28:22                                       Arma 3 Karts |                 kart |       true |       true |             GAME DIR | f9bac1340520fc3a25c3c4c7b6c48efdba32d535 |  9b1d75e8 | C:\SteamLibrary\steamapps\common\Arma 3\kart
23:28:22                                        Arma 3 Zeus |              curator |       true |       true |             GAME DIR | 5cfb449d86e7b7e8529909ec1c0656d70e2cfda0 |  4ccdcca0 | C:\SteamLibrary\steamapps\common\Arma 3\curator
23:28:22                                             Arma 3 |                   A3 |       true |       true |    NOT FOUND (Empty) |                                          |           | 
23:28:22 ==========================================================================================================================================================================================================
23:28:22 DX11 - Initializing DX11 engine.
23:28:23 DX11 - Using DXGI adapter 0 (detected in config).
23:28:23 DX11 - Using DXGI adapter 0.
23:28:23     - adapter description : NVIDIA GeForce GTX 960M
23:28:23     - adapter vendor ID : 4318
23:28:23     - adapter device ID : 5019
23:28:23     - adapter subsys ID : 272175141
23:28:23     - adapter revision  : 162
23:28:23     - dedicated video memory : 4243783680
23:28:23     - dedicated system memory : 0
23:28:23     - shared system memory : 4232462336
23:28:23     - driver version : 57283/r572_77
23:28:23 InitSound ...
23:28:23 Selected Audio Output: Altavoces (USB PnP Audio Device(EEPROM)) - Channels: 2, Freq: 48000
23:28:23 InitSound - complete
23:28:29 PhysX3 SDK Init started ...
23:28:29 PhysX3 SDK Init ended.
23:28:39 [CBA] (xeh) INFO: [0,112.027,0] PreStart started.
23:28:39 String STR_LSR_common_LSR not found
23:28:39  ➥ Context: 	[] L1 ()
	[] L495 (A3\functions_f\initFunctions.sqf)
	[] L497 (A3\functions_f\initFunctions.sqf)
	[] L502 (A3\functions_f\initFunctions.sqf)
	[] L500 (A3\functions_f\initFunctions.sqf)
	[] L21 (/x/cba/addons/xeh/fnc_preStart.sqf)
	[] L50 (/x/cba/addons/xeh/fnc_preStart.sqf)
	[] L47 (/x/cba/addons/xeh/fnc_preStart.sqf)
	[] L48 (/x/cba/addons/xeh/fnc_preStart.sqf)
	[] L1 ()
	[] L7 (/x/cba/addons/help/XEH_preStart.sqf)

23:28:54 [ACE] (medical) INFO: Checking uniforms for correct medical hitpoints [259 units]
23:28:55 [CBA] (xeh) INFO: [0,127.504,0] PreStart finished.
23:28:55 [CBA] (xeh) WARNING: WB_Officer_Parade_F does not support Extended Event Handlers! Addon: @Max Women Soldiers
23:28:55 [CBA] (xeh) WARNING: WO_Officer_Parade_F does not support Extended Event Handlers! Addon: @Max Women Soldiers
23:28:55 [CBA] (xeh) WARNING: WI_Officer_Parade_F does not support Extended Event Handlers! Addon: @Max Women Soldiers
23:28:55 [CBA] (xeh) WARNING: WO_helipilot_F does not support Extended Event Handlers! Addon: @Max Women Soldiers
23:28:55 [CBA] (xeh) WARNING: WI_helipilot_F does not support Extended Event Handlers! Addon: @Max Women Soldiers
23:28:55 [CBA] (xeh) WARNING: WB_Helipilot_F does not support Extended Event Handlers! Addon: @Max Women Soldiers
23:28:55 [CBA] (xeh) WARNING: WO_diver_F does not support Extended Event Handlers! Addon: @Max Women Soldiers
23:28:55 [CBA] (xeh) WARNING: WO_T_Soldier_SL_F does not support Extended Event Handlers! Addon: @Max Women Soldiers
23:28:55 [CBA] (xeh) WARNING: WO_T_Soldier_AR_F does not support Extended Event Handlers! Addon: @Max Women Soldiers
23:28:55 [CBA] (xeh) WARNING: WO_T_Soldier_F does not support Extended Event Handlers! Addon: @Max Women Soldiers
23:28:55 [CBA] (xeh) WARNING: WO_Soldier_lite_F does not support Extended Event Handlers! Addon: @Max Women Soldiers
23:28:55 [CBA] (xeh) WARNING: WO_Soldier_SL_F does not support Extended Event Handlers! Addon: @Max Women Soldiers
23:28:55 [CBA] (xeh) WARNING: WO_Soldier_AR_F does not support Extended Event Handlers! Addon: @Max Women Soldiers
23:28:55 [CBA] (xeh) WARNING: WO_Soldier_F does not support Extended Event Handlers! Addon: @Max Women Soldiers
23:28:55 [CBA] (xeh) WARNING: WO_T_Officer_F does not support Extended Event Handlers! Addon: @Max Women Soldiers
23:28:55 [CBA] (xeh) WARNING: WO_officer_F does not support Extended Event Handlers! Addon: @Max Women Soldiers
23:28:55 [CBA] (xeh) WARNING: WI_officer_F does not support Extended Event Handlers! Addon: @Max Women Soldiers
23:28:55 [CBA] (xeh) WARNING: WI_soldier_F does not support Extended Event Handlers! Addon: @Max Women Soldiers
23:28:55 [CBA] (xeh) WARNING: WI_Soldier_AR_F does not support Extended Event Handlers! Addon: @Max Women Soldiers
23:28:55 [CBA] (xeh) WARNING: WB_officer_F does not support Extended Event Handlers! Addon: @Max Women Soldiers
23:28:55 [CBA] (xeh) WARNING: WB_T_officer_F does not support Extended Event Handlers! Addon: @Max Women Soldiers
23:28:55 [CBA] (xeh) WARNING: WB_T_Soldier_F does not support Extended Event Handlers! Addon: @Max Women Soldiers
23:28:55 [CBA] (xeh) WARNING: WB_Soldier_F does not support Extended Event Handlers! Addon: @Max Women Soldiers
23:28:55 [CBA] (xeh) WARNING: WB_soldier_AR_F does not support Extended Event Handlers! Addon: @Max Women Soldiers
23:28:55 [CBA] (xeh) WARNING: WB_T_Soldier_AR_F does not support Extended Event Handlers! Addon: @Max Women Soldiers
23:28:55 [CBA] (xeh) WARNING: WB_diver_F does not support Extended Event Handlers! Addon: @Max Women Soldiers
23:28:55 [CBA] (xeh) WARNING: WB_diver2_F does not support Extended Event Handlers! Addon: @Max Women Soldiers
23:28:55 [CBA] (xeh) WARNING: WB_GEN_Soldier_F does not support Extended Event Handlers! Addon: @Max Women Soldiers
23:28:55 [CBA] (xeh) WARNING: WB_GEN_Commander_F does not support Extended Event Handlers! Addon: @Max Women Soldiers
23:28:55 [CBA] (xeh) WARNING: max_female_b does not support Extended Event Handlers! Addon: @Max Women Soldiers
23:28:55 [CBA] (xeh) WARNING: braf_A29A_wreck_F does not support Extended Event Handlers! Addon: @BRAF - Brazilian Armed Forces A3
23:29:01 SimulWeather - Cloud Renderer - noise texture file is not specified!
23:29:07 core\skyobject\skyobject.p3d: No geometry and no visual shape while trying to check property cratercolor
23:29:18 [CBA] (settings) INFO: Userconfig: Ignored.
23:29:19 a3\data_f\krater.p3d: No geometry and no visual shape while trying to check property cratercolor
23:29:19 a3\data_f\koule.p3d: No geometry and no visual shape while trying to check property cratercolor
23:29:22 No class Braf_tracer_green
23:29:22  ➥ Context: bin\config.bin/CfgVehicles/BRAF_EE9_Cascavel_base.BRAF_EE9_Cascavel_base
->Last modified by: BRAF_Armored
23:29:22 No ammo class Braf_tracer_green
23:29:22  ➥ Context: bin\config.bin/CfgVehicles/BRAF_EE9_Cascavel_base.BRAF_EE9_Cascavel_base
->Last modified by: BRAF_Armored
23:29:28 Loading movesType CfgGesturesMale
23:29:28 Creating action map cache
23:29:28 Warning: rightHandIKCurve, wrong size (size<2||size>=4) in braf_GestureReloadFAP
23:29:28 Warning: rightHandIKCurve, wrong size (size<2||size>=4) in braf_GestureReloadFAP_prone
23:29:28 Warning: rightHandIKCurve, wrong size (size<2||size>=4) in braf_GestureReloadFAL
23:29:28 Warning: rightHandIKCurve, wrong size (size<2||size>=4) in braf_GestureClear_barrel_FAL
23:29:28 Warning: rightHandIKCurve, wrong size (size<2||size>=4) in braf_GestureClear_barrel_FAL
23:29:28 Warning: rightHandIKCurve, wrong size (size<2||size>=4) in braf_GestureClear_barrel_mt12
23:29:28 Warning: rightHandIKCurve, wrong size (size<2||size>=4) in braf_GestureClear_barrel_mt12
23:29:28 Warning: rightHandIKCurve, wrong size (size<2||size>=4) in braf_GestureClear_barrel_FAL_prone
23:29:28 Warning: rightHandIKCurve, wrong size (size<2||size>=4) in braf_GestureReloadFAL_prone
23:29:28 Warning: rightHandIKCurve, wrong size (size<2||size>=4) in braf_GestureReloadFAL
23:29:28 Warning: leftHandIKCurve, wrong size (size<2||size>=4) in AMF_Perseis_II_Gesture_Rechamber
23:29:28 Warning: leftHandIKCurve, wrong size (size<2||size>=4) in AMF_Perseis_II_Gesture_Rechamber_Prone
23:29:28 Warning: leftHandIKCurve, wrong size (size<2||size>=4) in AMF_Perseis_II_Gesture_Rechamber
23:29:28 Warning: leftHandIKCurve, wrong size (size<2||size>=4) in AMF_PGM_ULTIMA_RATIO_Gesture_Rechamber
23:29:28 Warning: leftHandIKCurve, wrong size (size<2||size>=4) in AMF_PGM_ULTIMA_RATIO_Gesture_Rechamber_Prone
23:29:28 Warning: leftHandIKCurve, wrong size (size<2||size>=4) in AMF_PGM_ULTIMA_RATIO_Gesture_Rechamber
23:29:28 Warning: unset head bob mode in animation \CUP\Weapons\CUP_Weapons_WeaponsCore\anim\XM8\reload_XM8_Standing.rtm with strength 0.35, changed to begin/end alignment
23:29:28 Warning: unset head bob mode in animation \CUP\Weapons\CUP_Weapons_WeaponsCore\anim\XM8\reload_XM8_Standing.rtm with strength 0.35, changed to begin/end alignment
23:29:28 MovesType CfgGesturesMale load time 230.0 ms
23:29:28 Loading movesType CfgMovesMaleSdr
23:29:29   bin\config.bin/CfgMovesMaleSdr/States/braf_am11_gunner.interpolateTo: Bad move 
23:29:29   bin\config.bin/CfgMovesMaleSdr/States/braf_fennec_pilot.interpolateTo: Bad move 
23:29:29   bin\config.bin/CfgMovesMaleSdr/States/braf_fennec_copilot.interpolateTo: Bad move 
23:29:29   bin\config.bin/CfgMovesMaleSdr/States/braf_fennec_cargo.interpolateTo: Bad move 
23:29:29   bin\config.bin/CfgMovesMaleSdr/States/braf_Pantera_pilot.interpolateTo: Bad move 
23:29:29   bin\config.bin/CfgMovesMaleSdr/States/braf_Pantera_cargo.interpolateTo: Bad move 
23:29:29   bin\config.bin/CfgMovesMaleSdr/States/braf_cascavel_driver_In.interpolateTo: Bad move 
23:29:29   bin\config.bin/CfgMovesMaleSdr/States/braf_cascavel_driver_Out.interpolateTo: Bad move 
23:29:29   bin\config.bin/CfgMovesMaleSdr/States/braf_cascavel_commander.interpolateTo: Bad move 
23:29:29   bin\config.bin/CfgMovesMaleSdr/States/braf_cascavel_gunner.interpolateTo: Bad move 
23:29:29   bin\config.bin/CfgMovesMaleSdr/States/braf_guarani_driver_In.interpolateTo: Bad move 
23:29:29   bin\config.bin/CfgMovesMaleSdr/States/braf_guarani_driver_Out.interpolateTo: Bad move 
23:29:29   bin\config.bin/CfgMovesMaleSdr/States/braf_guarani_commander_In.interpolateTo: Bad move 
23:29:29   bin\config.bin/CfgMovesMaleSdr/States/braf_guarani_commander_Out.interpolateTo: Bad move 
23:29:29   bin\config.bin/CfgMovesMaleSdr/States/braf_guarani_gunner_In.interpolateTo: Bad move 
23:29:29   bin\config.bin/CfgMovesMaleSdr/States/braf_lmv_driver.interpolateTo: Bad move 
23:29:29   bin\config.bin/CfgMovesMaleSdr/States/braf_lmv_gunner.interpolateTo: Bad move 
23:29:29   bin\config.bin/CfgMovesMaleSdr/States/braf_voad_driver.interpolateTo: Bad move 
23:29:29 Reading cached action map data
23:29:31 Warning: looped for animation: a3\anims_f_epa\data\anim\sdr\cts\hubcleaned\briefing\hubbriefing_loop.rtm differs (looped now 0)! MoveName: hubbriefing_ext
23:29:33 Error: Bone cheek_lf doesn't exist in skeleton OFP2_ManSkeleton
23:29:33 Error: Bone nose_tip doesn't exist in skeleton OFP2_ManSkeleton
23:29:33 Error: Bone lip_uplb doesn't exist in skeleton OFP2_ManSkeleton
23:29:33 Error: Bone jaw_ls doesn't exist in skeleton OFP2_ManSkeleton
23:29:33 Error: Bone lip_uplf doesn't exist in skeleton OFP2_ManSkeleton
23:29:33 Error: Bone lip_lc doesn't exist in skeleton OFP2_ManSkeleton
23:29:33 Error: Bone lip_lwlb doesn't exist in skeleton OFP2_ManSkeleton
23:29:33 Error: Bone lip_lwlf doesn't exist in skeleton OFP2_ManSkeleton
23:29:33 Error: Bone jaw_lm doesn't exist in skeleton OFP2_ManSkeleton
23:29:33 Error: Bone zig_lb doesn't exist in skeleton OFP2_ManSkeleton
23:29:33 Error: Bone lip_lwm doesn't exist in skeleton OFP2_ManSkeleton
23:29:33 Error: Bone lip_upm doesn't exist in skeleton OFP2_ManSkeleton
23:29:33 Error: Bone ear_l doesn't exist in skeleton OFP2_ManSkeleton
23:29:33 Error: Bone corr doesn't exist in skeleton OFP2_ManSkeleton
23:29:33 Error: Bone tongue_m doesn't exist in skeleton OFP2_ManSkeleton
23:29:33 Error: Bone tongue_f doesn't exist in skeleton OFP2_ManSkeleton
23:29:33 Error: Bone eyebrow_lb doesn't exist in skeleton OFP2_ManSkeleton
23:29:33 Error: Bone eyebrow_lf doesn't exist in skeleton OFP2_ManSkeleton
23:29:33 Error: Bone eyebrow_lm doesn't exist in skeleton OFP2_ManSkeleton
23:29:33 Error: Bone zig_lm doesn't exist in skeleton OFP2_ManSkeleton
23:29:33 Error: Bone eye_upl doesn't exist in skeleton OFP2_ManSkeleton
23:29:33 Error: Bone eye_lwl doesn't exist in skeleton OFP2_ManSkeleton
23:29:33 Error: Bone cheek_l doesn't exist in skeleton OFP2_ManSkeleton
23:29:33 Error: Bone cheek_lb doesn't exist in skeleton OFP2_ManSkeleton
23:29:33 Error: Bone zig_lt doesn't exist in skeleton OFP2_ManSkeleton
23:29:33 Error: Bone nose_l doesn't exist in skeleton OFP2_ManSkeleton
23:29:33 Error: Bone cheek_lm doesn't exist in skeleton OFP2_ManSkeleton
23:29:33 Error: Bone nose_r doesn't exist in skeleton OFP2_ManSkeleton
23:29:33 Error: Bone forehead_r doesn't exist in skeleton OFP2_ManSkeleton
23:29:33 Error: Bone forehead_m doesn't exist in skeleton OFP2_ManSkeleton
23:29:33 Error: Bone forehead_l doesn't exist in skeleton OFP2_ManSkeleton
23:29:33 Error: Bone cheek_rb doesn't exist in skeleton OFP2_ManSkeleton
23:29:33 Error: Bone eye_lwr doesn't exist in skeleton OFP2_ManSkeleton
23:29:33 Error: Bone cheek_r doesn't exist in skeleton OFP2_ManSkeleton
23:29:33 Error: Bone zig_rt doesn't exist in skeleton OFP2_ManSkeleton
23:29:33 Error: Bone zig_rm doesn't exist in skeleton OFP2_ManSkeleton
23:29:33 Error: Bone cheek_rf doesn't exist in skeleton OFP2_ManSkeleton
23:29:33 Error: Bone cheek_rm doesn't exist in skeleton OFP2_ManSkeleton
23:29:33 Error: Bone eyebrow_rm doesn't exist in skeleton OFP2_ManSkeleton
23:29:33 Error: Bone eyebrow_rf doesn't exist in skeleton OFP2_ManSkeleton
23:29:33 Error: Bone eye_upr doesn't exist in skeleton OFP2_ManSkeleton
23:29:33 Error: Bone eyebrow_rb doesn't exist in skeleton OFP2_ManSkeleton
23:29:33 Error: Bone tongue_b doesn't exist in skeleton OFP2_ManSkeleton
23:29:33 Error: Bone ear_r doesn't exist in skeleton OFP2_ManSkeleton
23:29:33 Error: Bone neck_l doesn't exist in skeleton OFP2_ManSkeleton
23:29:33 Error: Bone lip_uprf doesn't exist in skeleton OFP2_ManSkeleton
23:29:33 Error: Bone neck_r doesn't exist in skeleton OFP2_ManSkeleton
23:29:33 Error: Bone lip_uprb doesn't exist in skeleton OFP2_ManSkeleton
23:29:33 Error: Bone lip_rc doesn't exist in skeleton OFP2_ManSkeleton
23:29:33 Error: Bone lip_lwrb doesn't exist in skeleton OFP2_ManSkeleton
23:29:33 Error: Bone lip_lwrf doesn't exist in skeleton OFP2_ManSkeleton
23:29:33 Error: Bone neck_b doesn't exist in skeleton OFP2_ManSkeleton
23:29:33 Error: Bone zig_rb doesn't exist in skeleton OFP2_ManSkeleton
23:29:33 Error: Bone neck_t doesn't exist in skeleton OFP2_ManSkeleton
23:29:33 Error: Bone jaw_rf doesn't exist in skeleton OFP2_ManSkeleton
23:29:33 Error: Bone jaw_lf doesn't exist in skeleton OFP2_ManSkeleton
23:29:33 Error: Bone chin doesn't exist in skeleton OFP2_ManSkeleton
23:29:33 Error: Bone jaw_rm doesn't exist in skeleton OFP2_ManSkeleton
23:29:33 Error: Bone jaw_rs doesn't exist in skeleton OFP2_ManSkeleton
23:29:33 Error: Bone jaw doesn't exist in skeleton OFP2_ManSkeleton
23:29:33 Error: Bone headcutscene doesn't exist in skeleton OFP2_ManSkeleton
23:29:33 Error: Bone cheek_lf doesn't exist in skeleton OFP2_ManSkeleton
23:29:33 Error: Bone nose_tip doesn't exist in skeleton OFP2_ManSkeleton
23:29:33 Error: Bone lip_uplb doesn't exist in skeleton OFP2_ManSkeleton
23:29:33 Error: Bone jaw_ls doesn't exist in skeleton OFP2_ManSkeleton
23:29:33 Error: Bone lip_uplf doesn't exist in skeleton OFP2_ManSkeleton
23:29:33 Error: Bone lip_lc doesn't exist in skeleton OFP2_ManSkeleton
23:29:33 Error: Bone lip_lwlb doesn't exist in skeleton OFP2_ManSkeleton
23:29:33 Error: Bone lip_lwlf doesn't exist in skeleton OFP2_ManSkeleton
23:29:33 Error: Bone jaw_lm doesn't exist in skeleton OFP2_ManSkeleton
23:29:33 Error: Bone zig_lb doesn't exist in skeleton OFP2_ManSkeleton
23:29:33 Error: Bone lip_lwm doesn't exist in skeleton OFP2_ManSkeleton
23:29:33 Error: Bone lip_upm doesn't exist in skeleton OFP2_ManSkeleton
23:29:33 Error: Bone ear_l doesn't exist in skeleton OFP2_ManSkeleton
23:29:33 Error: Bone corr doesn't exist in skeleton OFP2_ManSkeleton
23:29:33 Error: Bone tongue_m doesn't exist in skeleton OFP2_ManSkeleton
23:29:33 Error: Bone tongue_f doesn't exist in skeleton OFP2_ManSkeleton
23:29:33 Error: Bone eyebrow_lb doesn't exist in skeleton OFP2_ManSkeleton
23:29:33 Error: Bone eyebrow_lf doesn't exist in skeleton OFP2_ManSkeleton
23:29:33 Error: Bone eyebrow_lm doesn't exist in skeleton OFP2_ManSkeleton
23:29:33 Error: Bone zig_lm doesn't exist in skeleton OFP2_ManSkeleton
23:29:33 Error: Bone eye_upl doesn't exist in skeleton OFP2_ManSkeleton
23:29:33 Error: Bone eye_lwl doesn't exist in skeleton OFP2_ManSkeleton
23:29:33 Error: Bone cheek_l doesn't exist in skeleton OFP2_ManSkeleton
23:29:33 Error: Bone cheek_lb doesn't exist in skeleton OFP2_ManSkeleton
23:29:33 Error: Bone zig_lt doesn't exist in skeleton OFP2_ManSkeleton
23:29:33 Error: Bone nose_l doesn't exist in skeleton OFP2_ManSkeleton
23:29:33 Error: Bone cheek_lm doesn't exist in skeleton OFP2_ManSkeleton
23:29:33 Error: Bone nose_r doesn't exist in skeleton OFP2_ManSkeleton
23:29:33 Error: Bone forehead_r doesn't exist in skeleton OFP2_ManSkeleton
23:29:33 Error: Bone forehead_m doesn't exist in skeleton OFP2_ManSkeleton
23:29:33 Error: Bone forehead_l doesn't exist in skeleton OFP2_ManSkeleton
23:29:33 Error: Bone cheek_rb doesn't exist in skeleton OFP2_ManSkeleton
23:29:33 Error: Bone eye_lwr doesn't exist in skeleton OFP2_ManSkeleton
23:29:33 Error: Bone cheek_r doesn't exist in skeleton OFP2_ManSkeleton
23:29:33 Error: Bone zig_rt doesn't exist in skeleton OFP2_ManSkeleton
23:29:33 Error: Bone zig_rm doesn't exist in skeleton OFP2_ManSkeleton
23:29:33 Error: Bone cheek_rf doesn't exist in skeleton OFP2_ManSkeleton
23:29:33 Error: Bone cheek_rm doesn't exist in skeleton OFP2_ManSkeleton
23:29:33 Error: Bone eyebrow_rm doesn't exist in skeleton OFP2_ManSkeleton
23:29:33 Error: Bone eyebrow_rf doesn't exist in skeleton OFP2_ManSkeleton
23:29:33 Error: Bone eye_upr doesn't exist in skeleton OFP2_ManSkeleton
23:29:33 Error: Bone eyebrow_rb doesn't exist in skeleton OFP2_ManSkeleton
23:29:33 Error: Bone tongue_b doesn't exist in skeleton OFP2_ManSkeleton
23:29:33 Error: Bone ear_r doesn't exist in skeleton OFP2_ManSkeleton
23:29:33 Error: Bone neck_l doesn't exist in skeleton OFP2_ManSkeleton
23:29:33 Error: Bone lip_uprf doesn't exist in skeleton OFP2_ManSkeleton
23:29:33 Error: Bone neck_r doesn't exist in skeleton OFP2_ManSkeleton
23:29:33 Error: Bone lip_uprb doesn't exist in skeleton OFP2_ManSkeleton
23:29:33 Error: Bone lip_rc doesn't exist in skeleton OFP2_ManSkeleton
23:29:33 Error: Bone lip_lwrb doesn't exist in skeleton OFP2_ManSkeleton
23:29:33 Error: Bone lip_lwrf doesn't exist in skeleton OFP2_ManSkeleton
23:29:33 Error: Bone neck_b doesn't exist in skeleton OFP2_ManSkeleton
23:29:33 Error: Bone zig_rb doesn't exist in skeleton OFP2_ManSkeleton
23:29:33 Error: Bone neck_t doesn't exist in skeleton OFP2_ManSkeleton
23:29:33 Error: Bone jaw_rf doesn't exist in skeleton OFP2_ManSkeleton
23:29:33 Error: Bone jaw_lf doesn't exist in skeleton OFP2_ManSkeleton
23:29:33 Error: Bone chin doesn't exist in skeleton OFP2_ManSkeleton
23:29:33 Error: Bone jaw_rm doesn't exist in skeleton OFP2_ManSkeleton
23:29:33 Error: Bone jaw_rs doesn't exist in skeleton OFP2_ManSkeleton
23:29:33 Error: Bone jaw doesn't exist in skeleton OFP2_ManSkeleton
23:29:33 Error: Bone headcutscene doesn't exist in skeleton OFP2_ManSkeleton
23:29:35 Warning: looped for animation: a3\anims_f_epa\data\anim\sdr\cts\hubcleaned\spectator\hubspectator_stand.rtm differs (looped now 1)! MoveName: hubspectator_stand_contact
23:29:36 MovesType CfgMovesMaleSdr load time 7526.0 ms
23:29:36 a3\characters_f\proxies\flag.p3d: No geometry and no visual shape while trying to check property cratercolor
23:29:37 Starting mission:
23:29:37  Mission file: menu_overwrite
23:29:37  Mission world: Stratis
23:29:37  Mission directory: x\A3A\addons\main_menu\data\backgrounds\scenes\menu_overwrite.Stratis\
23:29:37 a3\data_f\blesk1.p3d: No geometry and no visual shape while trying to check property cratercolor
23:29:37 a3\data_f\blesk2.p3d: No geometry and no visual shape while trying to check property cratercolor
23:29:37 a3\data_f\raindrop.p3d: No geometry and no visual shape while trying to check property cratercolor
23:29:37 a3\map_stratis\data\obloha.p3d: No geometry and no visual shape while trying to check property cratercolor
23:29:37 a3\data_f\stars.p3d: No geometry and no visual shape while trying to check property cratercolor
23:29:37 bp_sw\bp_sw_lighting\data\oldsky\horizont.p3d: No geometry and no visual shape while trying to check property cratercolor
23:29:37 a3\data_f\rainbow.p3d: No geometry and no visual shape while trying to check property cratercolor
23:29:38 No more slot to add connection at 033057 (3386.8,5735.4)
23:29:49 Attempt to override final function - a3a_fnc_prepfunctions
23:29:49  ➥ Context: 	[] L507 (A3\functions_f\initFunctions.sqf)
	[] L532 (A3\functions_f\initFunctions.sqf)
	[] L551 (A3\functions_f\initFunctions.sqf)
	[] L550 (A3\functions_f\initFunctions.sqf)
	[] L545 (A3\functions_f\initFunctions.sqf)
	[] L547 (A3\functions_f\initFunctions.sqf)
	[] L126 (x\A3A\addons\core\functions\debug\fn_prepFunctions.sqf)
	[] L124 (x\A3A\addons\core\functions\debug\fn_prepFunctions.sqf)
	[] L122 (x\A3A\addons\core\functions\debug\fn_prepFunctions.sqf)
	[] L121 (x\A3A\addons\core\functions\debug\fn_prepFunctions.sqf)

23:29:56 2025-05-17 02:29:56:163 | Antistasi | Debug | File: A3A_fnc_initPreJIP | fn_initPreJIP Started | Called By: A3A_fnc_prepFunctions
23:29:56 2025-05-17 02:29:56:164 | Antistasi | Info | File: A3A_fnc_initPreJIP | Probable non-Antistasi mission detected ignoring | Called By: A3A_fnc_prepFunctions
23:29:56 [CBA] (xeh) INFO: [790,188.648,0] PreInit started. v3.18.3.250320
23:29:56 [CBA] (settings) INFO: Reading settings from settings file.
23:29:56 [CBA] (settings) INFO: Finished reading settings from settings file.
23:29:57 [CBA] (xeh) WARNING: One or more children of class CAManBase do not support Extended Event Handlers. Fall back to loop.
23:29:57 [CBA] (disposable) WARNING: Mass of launcher braf_launch_alac_Loaded (100) is different from mass of used launcher braf_launch_alac_Used (50).
23:29:57 [CBA] (disposable) WARNING: Sum of mass of launcher braf_launch_alac_Loaded and mass of magazine braf_alac_M (100+40=140) is different from mass of loaded launcher braf_launch_alac (50).
23:29:57 [CBA-XEH] old SLX_XEH_COMPILE macro used on \braf\braf_weapons_sniper_rifles\762mm_PGM_Ultima_Ratio\XEH_INIT.sqf
23:29:57 [ACE] (common) INFO: Parsed Settings Configs [3.0 ms]
23:29:58 [CBA] (xeh) INFO: [790,191.187,0] PreInit finished.
23:29:58 a3\weapons_f\binocular\nvg_proxy.p3d: No geometry and no visual shape while trying to check property cratercolor
23:29:59 Unable to retrieve steam ugc detail
23:29:59 Unable to retrieve steam ugc detail
23:29:59 Unable to retrieve steam ugc detail
23:29:59 Unable to retrieve steam ugc detail
23:29:59 Unable to retrieve steam ugc detail
23:29:59 Unable to retrieve steam ugc detail
23:29:59 [CBA] (xeh) INFO: [791,191.875,0] PostInit started. MISSIONINIT: missionName=menu_overwrite, missionVersion=54, worldName=Stratis, isMultiplayer=false, isServer=true, isDedicated=false, CBA_isHeadlessClient=false, hasInterface=true, didJIP=false
23:29:59 [CBA] (versioning) INFO: [791,191.885,0] VERSIONING:cba=3.18.3.250320, zen=1.15.1.36, ace=3.19.3.101
23:29:59 [ACE] (common) INFO: ACE is version 3.19.3.101 - CBA is version 3.18.3.250320 (min required 3.18.2)
23:29:59 CallExtension loaded: ace (C:\SteamLibrary\steamapps\common\Arma 3\!Workshop\@ace\ace_x64.dll) [] []

23:29:59 [ACE] (common) INFO: Extension [Version: 3778747a]
23:30:00 [CBA] (xeh) INFO: [791,192.594,0] PostInit finished.
23:30:01 [ACE] (common) INFO: Settings initialized.
23:30:01 [ACE] (common) INFO: 0 delayed functions running.
23:30:04 Loading movesType CfgMovesFishes_F
23:30:04 Reading cached action map data
23:30:10 Loading movesType CfgMovesSharks_F
23:30:10 Reading cached action map data
23:30:26 Loading movesType CfgMovesTurtle_F
23:30:26 Reading cached action map data
23:30:45 Loading movesType CfgMovesRabbit_F
23:30:45 Reading cached action map data
23:31:41 String STR_antistasi_mission_info_chernarus_mapname_text not found
23:31:41 String STR_antistasi_mission_info_chernarus_description_text not found
23:31:41 String STR_antistasi_mission_info_chernarus_summer_mapname_text not found
23:31:41 String STR_antistasi_mission_info_chernarus_summer_description_text not found
23:31:41 String STR_antistasi_mission_info_chernarus_winter_mapname_text not found
23:31:41 String STR_antistasi_mission_info_chernarus_winter_description_text not found
23:31:44 String STR_antistasi_mission_info_sara_mapname_text not found
23:31:44 String STR_antistasi_mission_info_sara_description_text not found
23:31:44 String STR_antistasi_mission_info_kunduz_mapname_text not found
23:31:44 String STR_antistasi_mission_info_kunduz_description_text not found
23:31:44 String STR_antistasi_mission_info_Tembelan_mapname_text not found
23:31:44 String STR_antistasi_mission_info_Tembelan_description_text not found
23:31:44 String STR_antistasi_mission_info_anizay_mapname_text not found
23:31:44 String STR_antistasi_mission_info_anizay_description_text not found
23:31:45 String STR_antistasi_mission_info_chernarus_mapname_text not found
23:31:45 String STR_antistasi_mission_info_chernarus_description_text not found
23:31:45 String STR_antistasi_mission_info_chernarus_mapname_text not found
23:31:45 String STR_antistasi_mission_info_chernarus_description_text not found
23:31:45 String STR_antistasi_mission_info_chernarus_mapname_text not found
23:31:45 String STR_antistasi_mission_info_chernarus_description_text not found
23:31:45 String STR_antistasi_mission_info_chernarus_mapname_text not found
23:31:45 String STR_antistasi_mission_info_chernarus_description_text not found
23:31:45 String STR_antistasi_mission_info_chernarus_mapname_text not found
23:31:45 String STR_antistasi_mission_info_chernarus_description_text not found
23:31:45 String STR_antistasi_mission_info_chernarus_mapname_text not found
23:31:45 String STR_antistasi_mission_info_chernarus_description_text not found
23:31:46 String STR_antistasi_mission_info_chernarus_mapname_text not found
23:31:46 String STR_antistasi_mission_info_chernarus_description_text not found
23:31:46 String STR_antistasi_mission_info_chernarus_mapname_text not found
23:31:46 String STR_antistasi_mission_info_chernarus_description_text not found
23:31:47 String STR_antistasi_mission_info_chernarus_mapname_text not found
23:31:47 String STR_antistasi_mission_info_chernarus_description_text not found
23:31:47 String STR_antistasi_mission_info_chernarus_mapname_text not found
23:31:47 String STR_antistasi_mission_info_chernarus_description_text not found
23:31:48 String STR_antistasi_mission_info_chernarus_mapname_text not found
23:31:48 String STR_antistasi_mission_info_chernarus_description_text not found
23:31:48 String STR_antistasi_mission_info_chernarus_mapname_text not found
23:31:48 String STR_antistasi_mission_info_chernarus_description_text not found
23:31:48 String STR_antistasi_mission_info_chernarus_mapname_text not found
23:31:48 String STR_antistasi_mission_info_chernarus_description_text not found
23:31:48 String STR_antistasi_mission_info_chernarus_mapname_text not found
23:31:48 String STR_antistasi_mission_info_chernarus_description_text not found
23:31:49 String STR_antistasi_mission_info_chernarus_mapname_text not found
23:31:49 String STR_antistasi_mission_info_chernarus_description_text not found
23:31:49 String STR_antistasi_mission_info_chernarus_mapname_text not found
23:31:49 String STR_antistasi_mission_info_chernarus_description_text not found
23:31:49 String STR_antistasi_mission_info_chernarus_mapname_text not found
23:31:49 String STR_antistasi_mission_info_chernarus_description_text not found
23:31:49 String STR_antistasi_mission_info_Gulfcoast_description_text not found
23:31:50 String STR_antistasi_mission_info_chernarus_mapname_text not found
23:31:50 String STR_antistasi_mission_info_chernarus_description_text not found
23:31:50 String STR_antistasi_mission_info_chernarus_mapname_text not found
23:31:50 String STR_antistasi_mission_info_chernarus_description_text not found
23:31:50 String STR_antistasi_mission_info_chernarus_mapname_text not found
23:31:50 String STR_antistasi_mission_info_chernarus_description_text not found
23:31:54 Unable to retrieve steam ugc detail
23:31:54 Unable to retrieve steam ugc detail
23:31:54 Unable to retrieve steam ugc detail
23:31:55 Unable to retrieve steam ugc detail
23:31:55 Unable to retrieve steam ugc detail
23:31:55 Unable to retrieve steam ugc detail
23:32:04 Unable to retrieve steam ugc detail
23:32:04 Unable to retrieve steam ugc detail
23:32:04 Unable to retrieve steam ugc detail
23:32:04 Unable to retrieve steam ugc detail
23:32:04 Unable to retrieve steam ugc detail
23:32:04 Unable to retrieve steam ugc detail
23:32:14 Unable to retrieve steam ugc detail
23:32:14 Unable to retrieve steam ugc detail
23:32:14 Unable to retrieve steam ugc detail
23:32:14 Unable to retrieve steam ugc detail
23:32:14 Unable to retrieve steam ugc detail
23:32:14 Unable to retrieve steam ugc detail
23:32:26 Unable to retrieve steam ugc detail
23:32:26 Unable to retrieve steam ugc detail
23:32:26 Unable to retrieve steam ugc detail
23:32:26 Unable to retrieve steam ugc detail
23:32:26 Unable to retrieve steam ugc detail
23:32:26 Unable to retrieve steam ugc detail
23:32:33 Starting mission:
23:32:33  Mission file: Antistasi_Malden
23:32:33  Mission world: Malden
23:32:33  Mission directory: x\A3A\addons\maps\Antistasi_Malden.Malden\
23:32:38 Strange convex component114 in a3\structures_f\households\house_big01\u_house_big_01_v1_f.p3d:geometryView
23:32:53 "Catertico/BIS_fnc_log: [BIS_fnc_preload] ----- Initializing scripts in Antistasi_Malden -----"
23:32:53 "Catertico/BIS_fnc_log: [recompile] recompile BIS_fnc_missionTasksLocal"
23:32:53 "Catertico/BIS_fnc_log: [recompile] recompile BIS_fnc_missionConversationsLocal"
23:32:53 "Catertico/BIS_fnc_log: [recompile] recompile BIS_fnc_missionFlow"
23:32:53 "Catertico/BIS_fnc_log: [recompile] recompile CUP_fnc_ZubrEngineMonitor"
23:32:53 "Catertico/BIS_fnc_log: [recompile] recompile CUP_fnc_attachTow"
23:32:53 "Catertico/BIS_fnc_log: [recompile] recompile CUP_fnc_cancelTow"
23:32:53 "Catertico/BIS_fnc_log: [recompile] recompile CUP_fnc_connectTow"
23:32:53 "Catertico/BIS_fnc_log: [recompile] recompile CUP_fnc_handleTow"
23:32:53 "Catertico/BIS_fnc_log: [recompile] recompile CUP_fnc_prepareTow"
23:32:53 "Catertico/BIS_fnc_log: [recompile] recompile CUP_fnc_releaseTow"
23:32:53 "Catertico/BIS_fnc_log: [recompile] recompile CUP_fnc_setCanTow"
23:32:53 "Catertico/BIS_fnc_log: [recompile] recompile CUP_fnc_towCondition"
23:32:53 "Catertico/BIS_fnc_log: [preInit] BIS_fnc_feedbackMain (1.00708 ms)"
23:32:53 "Catertico/BIS_fnc_log: [preInit] BIS_fnc_missionHandlers (0 ms)"
23:32:53 "Catertico/BIS_fnc_log: [preInit] BIS_fnc_storeParamsValues (1.00708 ms)"
23:32:53 "Catertico/BIS_fnc_log: [preInit] ""DeltaTime computation started"""
23:32:53 "Catertico/BIS_fnc_log: [preInit] BIS_fnc_keyframeAnimation_deltaTime (0 ms)"
23:32:53 "Catertico/BIS_fnc_log: [preInit] BIS_fnc_getServerVariable (0 ms)"
23:33:04 2025-05-17 02:33:04:812 | Antistasi | Debug | File: A3A_fnc_initPreJIP | fn_initPreJIP Started | Called By: A3A_fnc_prepFunctions
23:33:04 2025-05-17 02:33:04:813 | Antistasi | Debug | File: A3A_fnc_initPreJIP | fn_initPreJIP Finished | Called By: A3A_fnc_prepFunctions
23:33:04 "Catertico/BIS_fnc_log: [preInit] A3A_fnc_prepFunctions (11415 ms)"
23:33:04 "Catertico/BIS_fnc_log: [preInit] RW_fnc_rainDrop (0 ms)"
23:33:04 "Catertico/BIS_fnc_log: [preInit] RW_fnc_nightTime (0 ms)"
23:33:04 "Catertico/BIS_fnc_log: [preInit] BIS_fnc_OM_HandleMapControls (0 ms)"
23:33:04 "Catertico/BIS_fnc_log: [BIS_fnc_OM_moduleSmartMarkers] Error: SmartMarker system has not been yet initialized."
23:33:04 "Catertico/BIS_fnc_log: [preInit] BIS_fnc_OM_moduleSmartMarkers (0 ms)"
23:33:04 "Catertico/BIS_fnc_log: [preInit] DBUG_fnc_init (2.99072 ms)"
23:33:04 [CBA] (xeh) INFO: [9265,377.298,0] PreInit started. v3.18.3.250320
23:33:04 [CBA] (settings) INFO: Reading settings from settings file.
23:33:04 [CBA] (settings) INFO: Finished reading settings from settings file.
23:33:04 [CBA] (settings) INFO: Mission Config: File [cba_settings.sqf] loaded successfully.
23:33:05 [CBA] (xeh) WARNING: One or more children of class CAManBase do not support Extended Event Handlers. Fall back to loop.
23:33:05 [CBA] (disposable) WARNING: Mass of launcher braf_launch_alac_Loaded (100) is different from mass of used launcher braf_launch_alac_Used (50).
23:33:05 [CBA] (disposable) WARNING: Sum of mass of launcher braf_launch_alac_Loaded and mass of magazine braf_alac_M (100+40=140) is different from mass of loaded launcher braf_launch_alac (50).
23:33:05 [CBA-XEH] old SLX_XEH_COMPILE macro used on \braf\braf_weapons_sniper_rifles\762mm_PGM_Ultima_Ratio\XEH_INIT.sqf
23:33:05 [ACE] (common) INFO: Parsed Settings Configs [2.0 ms]
23:33:06 [CBA] (xeh) INFO: [9265,379.449,0] PreInit finished.
23:33:06 "Catertico/BIS_fnc_log: [preInit] CBA_fnc_preInit (2154.02 ms)"
23:33:08 a3\structures_f\mil\flags\flag_f.p3d: No geometry and no visual shape while trying to check property cratercolor
23:33:10 Strange convex component16 in a3\boat_f_gamma\boat_civil_04\boat_civil_04_f.p3d:geometryView
23:33:10 Strange convex component25 in a3\boat_f_gamma\boat_civil_04\boat_civil_04_f.p3d:geometryView
23:33:10 Strange convex component26 in a3\boat_f_gamma\boat_civil_04\boat_civil_04_f.p3d:geometryView
23:33:10 Strange convex component27 in a3\boat_f_gamma\boat_civil_04\boat_civil_04_f.p3d:geometryView
23:33:10 C_Boat_Civil_04_F: positionlightred - unknown animation source MarkerLight (defined in AnimationSources::PositionLightRed_source)
23:33:10 C_Boat_Civil_04_F: positionlightgreen - unknown animation source MarkerLight (defined in AnimationSources::PositionLightGreen_source)
23:33:10 a3\data_f\krater.p3d: No geometry and no visual shape while trying to check property cratercolor
23:33:10 Strange convex component127 in a3\structures_f\mil\cargo\cargo_tower_v1_ruins_f.p3d:geometryView
23:33:10 Strange convex component04 in a3\structures_f\ind\transmitter_tower\ttowerbig_2_ruins_f.p3d:geometryPhys
23:33:13 No face for R Alpha 1-1:1
23:33:13  ➥ Context: 	[] L1 ()

23:33:13 a3\characters_f\heads\glasses\g_shades_black.p3d: No geometry and no visual shape while trying to check property cratercolor
23:33:14 Strange convex component202 in a3\structures_f\households\house_small01\d_house_small_01_v1_f.p3d:geometryView
23:33:14 Strange convex component203 in a3\structures_f\households\house_small01\d_house_small_01_v1_f.p3d:geometryView
23:33:15 d:\Bis\Source\Stable\Futura\lib\Network\networkServer.cpp NetworkServer::OnClientStateChanged:NOT IMPLEMENTED - briefing!
23:33:19 "Catertico/BIS_fnc_log: [module] zen_modules_fnc_bi_moduleCurator (4444.98 ms)"
23:33:19 Unable to retrieve steam ugc detail
23:33:19 Unable to retrieve steam ugc detail
23:33:19 Unable to retrieve steam ugc detail
23:33:19 Unable to retrieve steam ugc detail
23:33:19 Unable to retrieve steam ugc detail
23:33:19 Unable to retrieve steam ugc detail
23:33:20 "Catertico/BIS_fnc_log: [module] bis_fnc_moduleHideTerrainObjects (225.006 ms)"
23:33:20 "Catertico/BIS_fnc_log: [module] bis_fnc_moduleHideTerrainObjects (225.006 ms)"
23:33:20 "Catertico/BIS_fnc_log: [module] bis_fnc_moduleHideTerrainObjects (225.006 ms)"
23:33:20 "Catertico/BIS_fnc_log: [module] bis_fnc_moduleHideTerrainObjects (225.006 ms)"
23:33:20 "Catertico/BIS_fnc_log: [module] bis_fnc_moduleHideTerrainObjects (223.999 ms)"
23:33:20 "Catertico/BIS_fnc_log: [module] bis_fnc_moduleHideTerrainObjects (223.999 ms)"
23:33:20 "Catertico/BIS_fnc_log: [module] bis_fnc_moduleHideTerrainObjects (225.006 ms)"
23:33:20 "Catertico/BIS_fnc_log: [module] bis_fnc_moduleHideTerrainObjects (223.999 ms)"
23:33:20 "Catertico/BIS_fnc_log: [module] bis_fnc_moduleHideTerrainObjects (225.006 ms)"
23:33:20 "Catertico/BIS_fnc_log: [module] bis_fnc_moduleHideTerrainObjects (225.006 ms)"
23:33:20 "Catertico/BIS_fnc_log: [module] bis_fnc_moduleHideTerrainObjects (225.006 ms)"
23:33:20 "Catertico/BIS_fnc_log: [module] bis_fnc_moduleHideTerrainObjects (225.006 ms)"
23:33:20 Strange convex component127 in a3\structures_f_argo\military\containerbases\cargo_tower_v3_derelict_f.p3d:geometryView
23:33:20 "Catertico/BIS_fnc_log: [module] bis_fnc_moduleHideTerrainObjects (322.998 ms)"
23:33:20 "Catertico/BIS_fnc_log: [module] bis_fnc_moduleHideTerrainObjects (324.005 ms)"
23:33:20 "Catertico/BIS_fnc_log: [module] bis_fnc_moduleHideTerrainObjects (325.012 ms)"
23:33:20 "Catertico/BIS_fnc_log: [module] bis_fnc_moduleHideTerrainObjects (325.012 ms)"
23:33:20 "Catertico/BIS_fnc_log: [module] bis_fnc_moduleHideTerrainObjects (548.004 ms)"
23:33:20 "Catertico/BIS_fnc_log: [module] bis_fnc_moduleHideTerrainObjects (325.012 ms)"
23:33:20 "Catertico/BIS_fnc_log: [module] bis_fnc_moduleHideTerrainObjects (322.998 ms)"
23:33:20 "Catertico/BIS_fnc_log: [module] bis_fnc_moduleHideTerrainObjects (325.012 ms)"
23:33:20 "Catertico/BIS_fnc_log: [module] bis_fnc_moduleHideTerrainObjects (328.003 ms)"
23:33:20 "Catertico/BIS_fnc_log: [module] bis_fnc_moduleHideTerrainObjects (328.979 ms)"
23:33:20 "Catertico/BIS_fnc_log: [module] bis_fnc_moduleHideTerrainObjects (326.996 ms)"
23:33:20 "Catertico/BIS_fnc_log: [module] bis_fnc_moduleHideTerrainObjects (328.979 ms)"
23:33:20 "Catertico/BIS_fnc_log: [module] bis_fnc_moduleHideTerrainObjects (328.003 ms)"
23:33:22 "Catertico/BIS_fnc_log: [script] initServer.sqf"
23:33:22 "Catertico/BIS_fnc_log: [script] initPlayerLocal.sqf"
23:33:22 "Catertico/BIS_fnc_log: [postInit] BIS_fnc_missionFlow (1.00708 ms)"
23:33:22 "Catertico/BIS_fnc_log: [postInit] BIS_fnc_initParams (1.00708 ms)"
23:33:22 "Catertico/BIS_fnc_log: [postInit] BIS_fnc_initRespawn (0.976563 ms)"
23:33:22 "Catertico/BIS_fnc_log: [postInit] BIS_fnc_keyframeAnimation_init (14.0076 ms)"
23:33:22 2025-05-17 02:33:22:526 | Antistasi | Info | File: A3A_fnc_initServer | Server init started
23:33:22 2025-05-17 02:33:22:526 | Antistasi | Info | File: A3A_fnc_initServer | Server version: 11.6.0.0
23:33:22 2025-05-17 02:33:22:644 | Antistasi | Info | File: A3A_fnc_initClient | initClient started
23:33:22 2025-05-17 02:33:22:644 | Antistasi | Info | File: A3A_fnc_initClient | Client version: 11.6.0.0
23:33:22 2025-05-17 02:33:22:666 | Antistasi | Info | File: A3A_fnc_initClient | Discord Rich Presence: false
23:33:22 2025-05-17 02:33:22:666 | Antistasi | Info | File: A3A_fnc_initVarCommon | initVarCommon started | Called By: A3A_fnc_initServer
23:33:22 2025-05-17 02:33:22:666 | Antistasi | Info | File: A3A_fnc_initVarCommon | Setting initial variables | Called By: A3A_fnc_initServer
23:33:22 2025-05-17 02:33:22:667 | Antistasi | Info | File: A3A_fnc_initVarCommon | Initialising PATCOM Variables | Called By: A3A_fnc_initServer
23:33:22 2025-05-17 02:33:22:667 | Antistasi | Info | File: A3A_fnc_initVarCommon | Declaring item categories | Called By: A3A_fnc_initServer
23:33:22 2025-05-17 02:33:22:672 | Antistasi | Info | File: A3A_fnc_initVarCommon | Starting mod detection | Called By: A3A_fnc_initServer
23:33:22 2025-05-17 02:33:22:674 | Antistasi | Info | File: A3A_fnc_initVarCommon | Creating building arrays | Called By: A3A_fnc_initServer
23:33:22 2025-05-17 02:33:22:675 | Antistasi | Info | File: A3A_fnc_initVarCommon | Compiling sounds and animations | Called By: A3A_fnc_initServer
23:33:22 2025-05-17 02:33:22:679 | Antistasi | Info | File: A3A_fnc_initVarCommon | initVarCommon completed | Called By: A3A_fnc_initServer
23:33:22 2025-05-17 02:33:22:680 | Antistasi | Info | File: A3A_fnc_initZones | initZones started | Called By: A3A_fnc_initServer
23:33:23 Land_PipeFence_01_m_gate_v1_closed_F: door_1_locked_rot - unknown animation source door_1_locked_source
23:33:23 Land_PipeFence_01_m_gate_v2_closed_F: door_1_locked_rot - unknown animation source door_1_locked_source
23:33:23 Land_PipeFence_01_m_gate_v2_closed_F: door_2_locked_rot - unknown animation source door_2_locked_source
23:33:24 2025-05-17 02:33:24:391 | Antistasi | Error | File: A3A_fnc_initSpawnPlaces | InitSpawnPlaces: Marker outp_3_vehicle_3 is not long enough for vehicles required are 10 meters! | Called By: A3A_fnc_prepareMarkerArrays
23:33:24 2025-05-17 02:33:24:501 | Antistasi | Info | File: A3A_fnc_initSpawnPlaces | InitSpawnPlaces: Could not find any vehicle places on outpost_3! | Called By: A3A_fnc_prepareMarkerArrays
23:33:24 2025-05-17 02:33:24:505 | Antistasi | Info | File: A3A_fnc_initBases | InitBases started | Called By: A3A_fnc_initZones
23:33:26 2025-05-17 02:33:26:169 | Antistasi | Info | File: A3A_fnc_initBases | InitBases completed | Called By: A3A_fnc_initZones
23:33:26 2025-05-17 02:33:26:169 | Antistasi | Info | File: A3A_fnc_initZones | Setting up towns | Called By: A3A_fnc_initServer
23:33:26 Land_NetFence_02_m_gate_v1_closed_F: door_1_locked_rot - unknown animation source door_1_locked_source
23:33:27 2025-05-17 02:33:27:793 | Antistasi | Info | File: A3A_fnc_initZones | Setting up zone-dependent objects - antennas and banks | Called By: A3A_fnc_initServer
23:33:28 2025-05-17 02:33:28:002 | Antistasi | Info | File: A3A_fnc_initZones | Setting up fuel stations | Called By: A3A_fnc_initServer
23:33:33 2025-05-17 02:33:33:046 | Antistasi | Info | File: A3A_fnc_initZones | Setting up military administrations | Called By: A3A_fnc_initServer
23:33:33 2025-05-17 02:33:33:056 | Antistasi | Info | File: A3A_fnc_initZones | initZones completed | Called By: A3A_fnc_initServer
23:33:33 2025-05-17 02:33:33:056 | Antistasi | Info | File: A3A_fnc_initServer | Background init started
23:33:33 2025-05-17 02:33:33:057 | Antistasi | Info | File: A3A_fnc_loadNavGrid | Started loading nav grid | Called By: A3A_fnc_initServer
23:33:33 2025-05-17 02:33:33:140 | Antistasi | Info | File: A3A_fnc_setupMonitor | Setup monitor started
23:33:33 Unable to retrieve steam ugc detail
23:33:33 Unable to retrieve steam ugc detail
23:33:33 Unable to retrieve steam ugc detail
23:33:33 Unable to retrieve steam ugc detail
23:33:33 Unable to retrieve steam ugc detail
23:33:33 Unable to retrieve steam ugc detail
23:33:33 2025-05-17 02:33:33:255 | Antistasi | Info | File: fn_advancedTowingInit.sqf | Loading advanced towing
23:33:33 2025-05-17 02:33:33:256 | Antistasi | Info | File: fn_advancedTowingInit.sqf | Loaded advanced towing
23:33:33 2025-05-17 02:33:33:382 | Antistasi | Info | File: A3A_fnc_loadNavGrid | Finished loading nav grid | Called By: A3A_fnc_initServer
23:33:33 2025-05-17 02:33:33:398 | Antistasi | Info | File: A3A_fnc_initServer | Server JNA preload started
23:33:39 Unable to retrieve steam ugc detail
23:33:39 Unable to retrieve steam ugc detail
23:33:39 Unable to retrieve steam ugc detail
23:33:39 Unable to retrieve steam ugc detail
23:33:39 Unable to retrieve steam ugc detail
23:33:39 Unable to retrieve steam ugc detail
23:33:40 2025-05-17 02:33:40:955 | Antistasi | Info | File: A3A_fnc_initServer | Background init completed
23:33:40 2025-05-17 02:33:40:955 | Antistasi | Info | File: A3A_fnc_initServer | Server Initialising PATCOM Variables
23:33:40 2025-05-17 02:33:40:957 | Antistasi | Info | File: A3A_fnc_patrolInit | PATCOM | Init Complete | Called By: A3A_fnc_initServer
23:33:49 Unable to retrieve steam ugc detail
23:33:49 Unable to retrieve steam ugc detail
23:33:49 Unable to retrieve steam ugc detail
23:33:49 Unable to retrieve steam ugc detail
23:33:49 Unable to retrieve steam ugc detail
23:33:49 Unable to retrieve steam ugc detail
23:33:52 "Catertico/BIS_fnc_log: [postInit] A3A_fnc_runPostInitFuncs (29727 ms)"
23:33:52 "Catertico/BIS_fnc_log: [postInit] HATE_fnc_addAction (0 ms)"
23:33:52 "Catertico/BIS_fnc_log: [postInit] CUP_fnc_emissiveLights (0 ms)"
23:33:53 "Catertico/BIS_fnc_log: [postInit] DBUG_fnc_postInit (1484.99 ms)"
23:33:53 [CBA] (xeh) INFO: [9784,426.106,0] PostInit started. MISSIONINIT: missionName=Antistasi_Malden, missionVersion=54, worldName=Malden, isMultiplayer=true, isServer=true, isDedicated=false, CBA_isHeadlessClient=false, hasInterface=true, didJIP=false
23:33:54 [CBA] (versioning) INFO: [9784,426.74,0] VERSIONING:cba=3.18.3.250320, zen=1.15.1.36, ace=3.19.3.101
23:33:54 [ACE] (common) INFO: ACE is version 3.19.3.101 - CBA is version 3.18.3.250320 (min required 3.18.2)
23:33:54 [ACE] (common) INFO: Extension [Version: 3778747a]
23:33:55 [CBA] (xeh) INFO: [9784,427.538,0] PostInit finished.
23:33:55 [ACE] (common) INFO: Settings initialized.
23:33:55 [ACE] (common) INFO: 0 delayed functions running.
23:33:56 "Catertico/BIS_fnc_log: [postInit] CBA_fnc_postInit (3261.02 ms)"
23:33:56 "Catertico/BIS_fnc_log: [BIS_fnc_preload] ----- Scripts initialized at 63732 ms -----"
23:34:00 Unable to retrieve steam ugc detail
23:34:00 Unable to retrieve steam ugc detail
23:34:00 Unable to retrieve steam ugc detail
23:34:00 Unable to retrieve steam ugc detail
23:34:00 Unable to retrieve steam ugc detail
23:34:00 Unable to retrieve steam ugc detail
23:34:03  Mission id: 4e9983e11d5120799e91359d30643e26feab2fb0
23:34:04 Fresnel k must be >0, given n=2.51,k=0
23:34:04  ➥ Context: #(ai,64,64,1)fresnel(2.51,0) <- ShapeLoad: N:'a3\animals_f\snakes\snake_f.p3d' P:'a3\animals_f\snakes\snake_f.p3d'
23:34:05 "Catertico/BIS_fnc_log: [BIS_fnc_selectRespawnTemplate] onPlayerRespawn template 'Counter' executed from function 'BIS_fnc_respawnCounter'"
23:34:06 a3\structures_f\households\clutter\c_grass_tall_dead_inhouse.p3d: No geometry and no visual shape while trying to check property cratercolor
23:34:06 2025-05-17 02:34:06:286 | Antistasi | Info | File: A3A_fnc_setupMonitor | Player Catertico is now admin sending them the save data
23:34:32 "Prepared save data: [[""DLC"",[]],[""name"",""Brigadas de Liberación Nacional""],[""useNewNamespace"",true],[""serverID"",false],[""startType"",""load""],[""factions"",[""Jaguares"",""BRAF_Tropical"",""BLN"",""BLNciv"",""Jaguariticas""]],[""params"",[[""gameMode"",1],[""areRivalsEnabled"",1],[""autoSave"",1],[""autoSaveInterval"",3600],[""playerMarkersEnabled"",0],[""limitedFT"",0],[""civTraffic"",2],[""A3A_removeRestore"",0],[""globalCivilianMax"",20],[""maxCiviliansPerTown"",10],[""distanceMission"",2000],[""distanceSPWN"",800],[""enemyNearDistance"",300],[""initialPlayerMoney"",2500],[""initialFactionMoney"",1000],[""initialHr"",16],[""limitHR"",25],[""A3A_idleTimeout"",1e+07],[""A3A_GCThreshold"",1e+07],[""A3A_reviveTime"",16],[""A3A_selfReviveMethods"",0],[""victoryCondition"",0],[""lossCondition"",3],[""loseHROnDeath"",2],[""cosmeticsEnabled"",1],[""playerRecruitAI"",1],[""enablePunishments"",1],[""zombiesUncapped"",0],[""plusGarrison"",0],[""vanillaArmsDealer"",0],[""radiomanSupport"",0],[""hideEne
23:34:34 2025-05-17 02:34:34:773 | Antistasi | Info | File: A3A_fnc_startGame | startGame called with data [["DLC",[]],["name","Brigadas de Liberación Nacional"],["useNewNamespace",true],["serverID",false],["startType","load"],["factions",["Jaguares","BRAF_Tropical","BLN","BLNciv","Jaguariticas"]],["params",[["gameMode",1],["areRivalsEnabled",1],["autoSave",1],["autoSaveInterval",3600],["playerMarkersEnabled",0],["limitedFT",0],["civTraffic",2],["A3A_removeRestore",0],["globalCivilianMax",20],["maxCiviliansPerTown",10],["distanceMission",2000],["distanceSPWN",800],["enemyNearDistance",300],["initialPlayerMoney",2500],["initialFactionMoney",1000],["initialHr",16],["limitHR",25],["A3A_idleTimeout",1e+07],["A3A_GCThreshold",1e+07],["A3A_reviveTime",16],["A3A_selfReviveMethods",0],["victoryCondition",0],["lossCondition",3],["loseHROnDeath",2],["cosmeticsEnabled",1],["playerRecruitAI",1],["enablePunishments",1],["zombiesUncapped",0],["plusGarrison",0],["vanillaArmsDealer",0],["radiomanSupport",
23:34:34 >>> 0],["hideEnemyMarkers",0],["createAmbientSounds",1],["hideEnemyMarkersReconPlaneDistance",500],["useDownedNotification",0],["disableTrader",0],["staminaEnabled",1],["fatigueEnabled",1],["swayEnabled",100],["magRepack",1],["RRTurretMagazines",1],["newCarTowing",1],["lootCratesEnabled",1],["lootCrateDistance",75],["lootCratePrice",200],["lootCrateUnlockedItems",0],["playerIcons",1],["settingsTimeMultiplier",1],["unflipPersonCount",1],["fastTravelEnemyCheck",0],["rallyPointSpawnCount",10],["aiControlTime",120],["deathPenalty",30],["saveZeusBuildings",1],["maxConstructions",100],["maxSupportPoints",3],["areRandomEventsEnabled",1],["rivalsDifficulty",2],["membershipEnabled",0],["A3A_guestCommander",1],["tkPunish",1],["disableAutoSmokeCover",1],["A3A_builderPermissions",3],["A3A_builderLimit",300],["A3A_builderBuildTime",5],["A3A_builderAllowRoads",0],["enableVehicleAutoLock",0],["vehicleLockpickTime",30],["allowCivDialog",1],["blackMarketIgnoreRequirements",0],["A3U_blackMarketDiscountVehicle",
23:34:34 >>> 0],["A3U_blackMarketDiscountWeapon",0],["enableSpectrumDevice",0],["unconsciousPossessAi",1],["allowFuturisticSupports",0],["allowFuturisticUnfairSupports",0],["A3A_isUAVAFK",0],["recruitToPlayerSquad",1],["loadoutsToGenerate",5],["A3A_enemyBalanceMul",11],["A3A_enemyAttackMul",10],["A3A_invaderBalanceMul",13],["A3A_enemyResponseTime",10],["A3A_attackHQProximityMul",3],["A3A_enemySkillMul",4],["A3A_rebelSkillMul",4],["aiAccuracyCeiling",40],["napalmEnabled",1],["allowUnfairSupports",0],["A3A_rebelGarrisonLimit",24],["minWeaps",25],["A3A_guestItemLimit",25],["unlockedUnlimitedAmmo",0],["allowGuidedLaunchers",1],["allowUnlockedExplosives",1],["startWithLongRangeRadio",1],["aceFood",0],["helmetLossChance",33],["helmetLossSound",1],["reviveKitsEnabled",1],["crateWepTypeMax",6],["crateWepNumMax",8],["crateItemTypeMax",4],["crateItemNumMax",5],["crateAmmoTypeMax",6],["crateAmmoNumMax",20],["crateExplosiveTypeMax",4],["crateExplosiveNumMax",5],["crateAttachmentTypeMax",
23:34:34 >>> 6],["crateAttachmentNumMax",15],["crateBackpackTypeMax",0],["crateBackpackNumMax",3],["crateVestTypeMax",0],["crateVestNumMax",3],["crateHelmetTypeMax",0],["crateHelmetNumMax",3],["crateDeviceTypeMax",2],["crateDeviceNumMax",3],["LogLevel",1],["A3A_logDebugConsole",-1],["A3A_GUIDevPreview",0]]],["gameID","62532"],["addonVics",[]]]
23:36:24 Error in expression <2x39_AK47_bakelite_M""],[],""],2,
    ["CUP_arifle_FNFAL5062_railed","","",_mili>
23:36:24   Error position: <CUP_arifle_FNFAL5062_railed","","",_mili>
23:36:24   Error Missing ]
23:36:24 File x\a3ue_narcos\addons\templates\Templates\Jaguares\jaguares.sqf..., line 700
23:36:24  ➥ Context: 	[] L1 (x\A3A\addons\maps\Antistasi_Malden.Malden\initServer.sqf)
	[] L97 (x\A3A\addons\core\functions\init\fn_initServer.sqf)
	[] L371 (x\A3A\addons\core\functions\init\fn_initVarServer.sqf)
	[] L363 (x\A3A\addons\core\functions\init\fn_initVarServer.sqf)
	[] L364 (x\A3A\addons\core\functions\init\fn_initVarServer.sqf)
	[] L22 (x\A3A\addons\core\functions\Templates\fn_compatibilityLoadFaction.sqf)
	[] L1434 (\x\A3A\addons\core\functions\Templates\fn_loadFaction.sqf [A3A_fnc_loadFaction])
	[] L1433 (\x\A3A\addons\core\functions\Templates\fn_loadFaction.sqf [A3A_fnc_loadFaction])

23:36:24 Error in expression <2x39_AK47_bakelite_M""],[],""],2,
    ["CUP_arifle_FNFAL5062_railed","","",_mili>
23:36:24   Error position: <CUP_arifle_FNFAL5062_railed","","",_mili>
23:36:24   Error Missing ]
23:36:24 File x\a3ue_narcos\addons\templates\Templates\Jaguares\jaguares.sqf..., line 700
23:36:24  ➥ Context: 	[] L1 (x\A3A\addons\maps\Antistasi_Malden.Malden\initServer.sqf)
	[] L97 (x\A3A\addons\core\functions\init\fn_initServer.sqf)
	[] L371 (x\A3A\addons\core\functions\init\fn_initVarServer.sqf)
	[] L363 (x\A3A\addons\core\functions\init\fn_initVarServer.sqf)
	[] L364 (x\A3A\addons\core\functions\init\fn_initVarServer.sqf)
	[] L22 (x\A3A\addons\core\functions\Templates\fn_compatibilityLoadFaction.sqf)
	[] L1434 (\x\A3A\addons\core\functions\Templates\fn_loadFaction.sqf [A3A_fnc_loadFaction])
	[] L1433 (\x\A3A\addons\core\functions\Templates\fn_loadFaction.sqf [A3A_fnc_loadFaction])

23:36:24 Error in expression <faction set ["vehiclesLightArmedTroop", _lightArmedTroop];
};

_faction;
>
23:36:24   Error position: <_lightArmedTroop];
};

_faction;
>
23:36:24   Error Undefined variable in expression: _lightarmedtroop
23:36:24 File x\A3A\addons\core\functions\Templates\fn_compatibilityLoadFaction.sqf..., line 59
23:36:24  ➥ Context: 	[] L1 (x\A3A\addons\maps\Antistasi_Malden.Malden\initServer.sqf)
	[] L97 (x\A3A\addons\core\functions\init\fn_initServer.sqf)
	[] L371 (x\A3A\addons\core\functions\init\fn_initVarServer.sqf)
	[] L363 (x\A3A\addons\core\functions\init\fn_initVarServer.sqf)
	[] L364 (x\A3A\addons\core\functions\init\fn_initVarServer.sqf)
	[] L54 (x\A3A\addons\core\functions\Templates\fn_compatibilityLoadFaction.sqf)
	[] L59 (x\A3A\addons\core\functions\Templates\fn_compatibilityLoadFaction.sqf)

23:36:25 String STR_braf_SL not found
23:36:25  ➥ Context: bin\config.bin/CfgVehicles/braf_army_jacket_lizard.braf_army_jacket_lizard
->Last modified by: braf_characters_army <- 
23:36:25 	[] L1 (x\A3A\addons\maps\Antistasi_Malden.Malden\initServer.sqf)
	[] L97 (x\A3A\addons\core\functions\init\fn_initServer.sqf)
	[] L371 (x\A3A\addons\core\functions\init\fn_initVarServer.sqf)
	[] L363 (x\A3A\addons\core\functions\init\fn_initVarServer.sqf)
	[] L364 (x\A3A\addons\core\functions\init\fn_initVarServer.sqf)
	[] L22 (x\A3A\addons\core\functions\Templates\fn_compatibilityLoadFaction.sqf)
	[] L1434 (\x\A3A\addons\core\functions\Templates\fn_loadFaction.sqf [A3A_fnc_loadFaction])
	[] L1433 (\x\A3A\addons\core\functions\Templates\fn_loadFaction.sqf [A3A_fnc_loadFaction])
	[] L1064 (x\A3A\addons\core\Templates\Templates\BRAF\BRAF_AI_BRAF_Tropical.sqf)
	[] L1420 (\x\A3A\addons\core\functions\Templates\fn_loadFaction.sqf [A3A_fnc_loadFaction])
	[] L1419 (\x\A3A\addons\core\functions\Templates\fn_loadFaction.sqf [A3A_fnc_loadFaction])
	[] L1408 (\x\A3A\addons\core\functions\Templates\fn_loadFaction.sqf [A3A_fnc_loadFaction])
	[] L1409 (\x\A3A\addons\core\functions\Templates\fn_loadFaction.sqf [A3A_fnc_l
23:36:25 braf\braf_characters_vest\?кСдј.p3d: No geometry and no visual shape while trying to check property cratercolor
23:36:25 braf\braf_characters_vest\?кСдј.p3d: No geometry and no visual shape while trying to check property cratercolor
23:36:25 String STR_braf_SL not found
23:36:25  ➥ Context: bin\config.bin/CfgVehicles/braf_army_jacket_gloves_lizard.braf_army_jacket_gloves_lizard
->Last modified by: braf_characters_army <- 
23:36:25 	[] L1 (x\A3A\addons\maps\Antistasi_Malden.Malden\initServer.sqf)
	[] L97 (x\A3A\addons\core\functions\init\fn_initServer.sqf)
	[] L371 (x\A3A\addons\core\functions\init\fn_initVarServer.sqf)
	[] L363 (x\A3A\addons\core\functions\init\fn_initVarServer.sqf)
	[] L364 (x\A3A\addons\core\functions\init\fn_initVarServer.sqf)
	[] L22 (x\A3A\addons\core\functions\Templates\fn_compatibilityLoadFaction.sqf)
	[] L1434 (\x\A3A\addons\core\functions\Templates\fn_loadFaction.sqf [A3A_fnc_loadFaction])
	[] L1433 (\x\A3A\addons\core\functions\Templates\fn_loadFaction.sqf [A3A_fnc_loadFaction])
	[] L1064 (x\A3A\addons\core\Templates\Templates\BRAF\BRAF_AI_BRAF_Tropical.sqf)
	[] L1420 (\x\A3A\addons\core\functions\Templates\fn_loadFaction.sqf [A3A_fnc_loadFaction])
	[] L1419 (\x\A3A\addons\core\functions\Templates\fn_loadFaction.sqf [A3A_fnc_loadFaction])
	[] L1408 (\x\A3A\addons\core\functions\Templates\fn_loadFaction.sqf [A3A_fnc_loadFaction])
	[] L1409 (\x\A3A\addons\core\functions\Templates\fn_loadFaction.sqf [A3A_fnc_l
23:36:27 braf\braf_characters_backpack\і*ўѐЫ.p3d: No geometry and no visual shape while trying to check property cratercolor
23:36:33 String STR_BRAF_SL not found
23:36:33  ➥ Context: bin\config.bin/CfgVehicles/braf_army_combat_shirt_camo_gloves_airborne.braf_army_combat_shirt_camo_gloves_airborne
->Last modified by: braf_characters_army <- 
23:36:33 	[] L1 (x\A3A\addons\maps\Antistasi_Malden.Malden\initServer.sqf)
	[] L97 (x\A3A\addons\core\functions\init\fn_initServer.sqf)
	[] L371 (x\A3A\addons\core\functions\init\fn_initVarServer.sqf)
	[] L363 (x\A3A\addons\core\functions\init\fn_initVarServer.sqf)
	[] L364 (x\A3A\addons\core\functions\init\fn_initVarServer.sqf)
	[] L22 (x\A3A\addons\core\functions\Templates\fn_compatibilityLoadFaction.sqf)
	[] L1434 (\x\A3A\addons\core\functions\Templates\fn_loadFaction.sqf [A3A_fnc_loadFaction])
	[] L1433 (\x\A3A\addons\core\functions\Templates\fn_loadFaction.sqf [A3A_fnc_loadFaction])
	[] L1096 (x\A3A\addons\core\Templates\Templates\BRAF\BRAF_AI_BRAF_Tropical.sqf)
	[] L1420 (\x\A3A\addons\core\functions\Templates\fn_loadFaction.sqf [A3A_fnc_loadFaction])
	[] L1419 (\x\A3A\addons\core\functions\Templates\fn_loadFaction.sqf [A3A_fnc_loadFaction])
	[] L1408 (\x\A3A\addons\core\functions\Templates\fn_loadFaction.sqf [A3A_fnc_loadFaction])
	[] L1409 (\x\A3A\addons\core\functions\Templates\fn_loadFaction.sqf [A3A_fnc_l
23:36:33 Array mat in bin\config.bin/CfgVehicles/braf_army_combat_shirt_camo_gloves_airborne/Wounds/ not multiply of 3
23:36:33 braf\braf_characters_vest\љѐ*љї.p3d: No geometry and no visual shape while trying to check property cratercolor
23:36:33 braf\braf_characters_vest\љѐ*љї.p3d: No geometry and no visual shape while trying to check property cratercolor
23:36:34 String STR_BRAF_SL not found
23:36:34  ➥ Context: bin\config.bin/CfgVehicles/braf_army_combat_shirt_gloves_camo.braf_army_combat_shirt_gloves_camo
->Last modified by: braf_characters_army <- 
23:36:34 	[] L1 (x\A3A\addons\maps\Antistasi_Malden.Malden\initServer.sqf)
	[] L97 (x\A3A\addons\core\functions\init\fn_initServer.sqf)
	[] L371 (x\A3A\addons\core\functions\init\fn_initVarServer.sqf)
	[] L363 (x\A3A\addons\core\functions\init\fn_initVarServer.sqf)
	[] L364 (x\A3A\addons\core\functions\init\fn_initVarServer.sqf)
	[] L22 (x\A3A\addons\core\functions\Templates\fn_compatibilityLoadFaction.sqf)
	[] L1434 (\x\A3A\addons\core\functions\Templates\fn_loadFaction.sqf [A3A_fnc_loadFaction])
	[] L1433 (\x\A3A\addons\core\functions\Templates\fn_loadFaction.sqf [A3A_fnc_loadFaction])
	[] L1096 (x\A3A\addons\core\Templates\Templates\BRAF\BRAF_AI_BRAF_Tropical.sqf)
	[] L1420 (\x\A3A\addons\core\functions\Templates\fn_loadFaction.sqf [A3A_fnc_loadFaction])
	[] L1419 (\x\A3A\addons\core\functions\Templates\fn_loadFaction.sqf [A3A_fnc_loadFaction])
	[] L1408 (\x\A3A\addons\core\functions\Templates\fn_loadFaction.sqf [A3A_fnc_loadFaction])
	[] L1409 (\x\A3A\addons\core\functions\Templates\fn_loadFaction.sqf [A3A_fnc_l
23:36:34 Array mat in bin\config.bin/CfgVehicles/braf_army_combat_shirt_gloves_camo/Wounds/ not multiply of 3
23:36:34 braf\braf_characters_vest\єљћхЪШ?ъоФј.p3d: No geometry and no visual shape while trying to check property cratercolor
23:36:34 braf\braf_characters_vest\єљћхЪШ?ъоФј.p3d: No geometry and no visual shape while trying to check property cratercolor
23:36:34 String STR_BRAF_SL not found
23:36:34  ➥ Context: bin\config.bin/CfgVehicles/braf_army_combat_shirt_camo.braf_army_combat_shirt_camo
->Last modified by: braf_characters_army <- 
23:36:34 	[] L1 (x\A3A\addons\maps\Antistasi_Malden.Malden\initServer.sqf)
	[] L97 (x\A3A\addons\core\functions\init\fn_initServer.sqf)
	[] L371 (x\A3A\addons\core\functions\init\fn_initVarServer.sqf)
	[] L363 (x\A3A\addons\core\functions\init\fn_initVarServer.sqf)
	[] L364 (x\A3A\addons\core\functions\init\fn_initVarServer.sqf)
	[] L22 (x\A3A\addons\core\functions\Templates\fn_compatibilityLoadFaction.sqf)
	[] L1434 (\x\A3A\addons\core\functions\Templates\fn_loadFaction.sqf [A3A_fnc_loadFaction])
	[] L1433 (\x\A3A\addons\core\functions\Templates\fn_loadFaction.sqf [A3A_fnc_loadFaction])
	[] L1096 (x\A3A\addons\core\Templates\Templates\BRAF\BRAF_AI_BRAF_Tropical.sqf)
	[] L1420 (\x\A3A\addons\core\functions\Templates\fn_loadFaction.sqf [A3A_fnc_loadFaction])
	[] L1419 (\x\A3A\addons\core\functions\Templates\fn_loadFaction.sqf [A3A_fnc_loadFaction])
	[] L1408 (\x\A3A\addons\core\functions\Templates\fn_loadFaction.sqf [A3A_fnc_loadFaction])
	[] L1409 (\x\A3A\addons\core\functions\Templates\fn_loadFaction.sqf [A3A_fnc_l
23:36:34 Array mat in bin\config.bin/CfgVehicles/braf_army_combat_shirt_camo/Wounds/ not multiply of 3
23:36:34 braf\braf_characters_vest\хцЩѓЬкю*Сђ.p3d: No geometry and no visual shape while trying to check property cratercolor
23:36:34 braf\braf_characters_vest\хцЩѓЬкю*Сђ.p3d: No geometry and no visual shape while trying to check property cratercolor
23:36:35 braf\braf_characters_vest\ќ*ѕїхч.p3d: No geometry and no visual shape while trying to check property cratercolor
23:36:39 braf\braf_characters_vest\нѓЬ*нтк.p3d: No geometry and no visual shape while trying to check property cratercolor
23:36:39 braf\braf_characters_vest\нѓЬ*нтк.p3d: No geometry and no visual shape while trying to check property cratercolor
23:36:42 Array mat in bin\config.bin/CfgVehicles/braf_army_sl_regular_2000/Wounds/ not multiply of 3
23:36:42 Array mat in bin\config.bin/CfgVehicles/braf_fab_rifleman/Wounds/ not multiply of 3
23:36:43 Array mat in bin\config.bin/CfgVehicles/braf_army_rifleman_regular_2000/Wounds/ not multiply of 3
23:36:43 braf\braf_characters_vest\Щж*Ф.p3d: No geometry and no visual shape while trying to check property cratercolor
23:36:43 braf\braf_characters_vest\Щж*Ф.p3d: No geometry and no visual shape while trying to check property cratercolor
23:36:44 Array mat in bin\config.bin/CfgVehicles/braf_army_sl_regular_2000/Wounds/ not multiply of 3
23:36:51 braf\braf_characters_vest\Рѓ*јбцлЮнњ.p3d: No geometry and no visual shape while trying to check property cratercolor
23:36:51 braf\braf_characters_vest\Рѓ*јбцлЮнњ.p3d: No geometry and no visual shape while trying to check property cratercolor
23:36:54 CallExtension loaded: ADT (C:\SteamLibrary\steamapps\common\Arma 3\!Workshop\@Advanced Developer Tools\ADT_x64.dll) [1.0]

23:36:54 Shutdown normally
23:37:02 SimulWeather - Cloud Renderer - noise texture file is not specified!
23:37:03 Deinitialized shape [Class: "C_Soldier_VR_F"; Shape: "a3\characters_f_bootcamp\common\vr_soldier_f.p3d";]
23:37:03 Deinitialized shape [Class: "B_Survivor_F"; Shape: "a3\characters_f\blufor\b_soldier_01.p3d";]
23:37:03 Deinitialized shape [Class: "B_Soldier_F"; Shape: "a3\characters_f\blufor\b_soldier_01.p3d";]
23:37:03 Deinitialized shape [Class: "Underwear_F"; Shape: "a3\characters_f\common\basicbody.p3d";]
23:37:03 Deinitialized shape [Class: "braf_army_jacket_lizard"; Shape: "braf\braf_characters_army\uniform\Уе?чУяцї.p3d";]
23:37:03 Deinitialized shape [Class: "braf_army_jacket_gloves_lizard"; Shape: "braf\braf_characters_army\uniform\Уе?чУяцї.p3d";]
23:37:03 Deinitialized shape [Class: "braf_army_combat_shirt_camo_gloves_airborne"; Shape: "braf\braf_characters_army\uniform\?ХйчшцЧъћУ.p3d";]
23:37:03 Deinitialized shape [Class: "braf_army_combat_shirt_gloves_camo"; Shape: "braf\braf_characters_army\uniform\?ХйчшцЧъћУ.p3d";]
23:37:03 Deinitialized shape [Class: "braf_army_combat_shirt_camo"; Shape: "braf\braf_characters_army\uniform\?ХйчшцЧъћУ.p3d";]
23:37:03 Deinitialized shape [Class: "braf_fab_sl"; Shape: "braf\braf_characters_army\uniform\еф?ї.p3d";]
23:37:03 Deinitialized shape [Class: "braf_fab_rifleman"; Shape: "braf\braf_characters_army\uniform\еф?ї.p3d";]
23:37:03 Deinitialized shape [Class: "braf_army_rifleman_regular_2000"; Shape: "braf\braf_characters_army\uniform\еф?ї.p3d";]
23:37:03 Deinitialized shape [Class: "braf_army_sl_regular_2000"; Shape: "braf\braf_characters_army\uniform\еф?ї.p3d";]
23:37:03 Deinitialized shape [Class: "I_G_Soldier_TL_F"; Shape: "a3\characters_f_gamma\guerrilla\ig_leader.p3d";]
23:37:03 Deinitialized shape [Class: "C_man_w_worker_F"; Shape: "a3\characters_f\common\coveralls.p3d";]
23:37:03 Deinitialized shape [Class: "I_G_officer_F"; Shape: "a3\characters_f_gamma\guerrilla\ig_guerrilla1_1.p3d";]
23:37:03 Deinitialized shape [Class: "I_G_medic_F"; Shape: "a3\characters_f_gamma\guerrilla\ig_guerrilla2_1.p3d";]
23:37:03 d:\Bis\Source\Stable\Futura\lib\Network\networkServer.cpp ClearNetServer:NOT IMPLEMENTED - briefing!
23:37:10 Class WeaponFireGun destroyed with lock count 3
23:37:10 Class Table destroyed with lock count 3
23:37:10 Class T0 destroyed with lock count 3
23:37:10 Class T1 destroyed with lock count 3
23:37:10 Class T2 destroyed with lock count 3
23:37:10 Class T3 destroyed with lock count 3
23:37:10 Class T4 destroyed with lock count 3
23:37:10 Class T5 destroyed with lock count 3
23:37:10 Class T6 destroyed with lock count 3
23:37:10 Class T7 destroyed with lock count 3
23:37:10 Class T8 destroyed with lock count 3
23:37:10 Class T9 destroyed with lock count 3
23:37:10 Class T10 destroyed with lock count 3
23:37:10 Class T11 destroyed with lock count 3
23:37:10 Class T12 destroyed with lock count 3
23:37:10 Class T13 destroyed with lock count 3
23:37:10 Class T14 destroyed with lock count 3
23:37:10 Class T15 destroyed with lock count 3
23:37:10 Class T16 destroyed with lock count 3
23:37:10 Class T17 destroyed with lock count 3
23:37:10 Class T18 destroyed with lock count 3
23:37:10 Class T19 destroyed with lock count 3
23:37:10 Class T20 destroyed with lock count 3
23:37:10 Class T21 destroyed with lock count 3
23:37:10 Class T22 destroyed with lock count 3
23:37:10 Class WeaponCloudsGun destroyed with lock count 6
23:37:10 Class Table destroyed with lock count 6
23:37:10 Class T0 destroyed with lock count 6
23:37:10 Class WeaponCloudsMGun destroyed with lock count 3
23:37:10 Class Table destroyed with lock count 3
23:37:10 Class T0 destroyed with lock count 3
23:37:10 Class All destroyed with lock count 3
23:37:10 Class EventHandlers destroyed with lock count 3
23:37:10 Class CBA_Extended_EventHandlers destroyed with lock count 3
23:37:10 Class MarkerLights destroyed with lock count 3
23:37:10 Class NVGMarkers destroyed with lock count 3
23:37:10 Class NVGMarker destroyed with lock count 3
23:37:10 Class Turrets destroyed with lock count 3
23:37:10 Class HeadLimits destroyed with lock count 3
23:37:10 Class ViewPilot destroyed with lock count 3
23:37:10 Class ViewCargo destroyed with lock count 3
23:37:10 Class ViewOptics destroyed with lock count 3
23:37:10 Class PilotSpec destroyed with lock count 3
23:37:10 Class CargoSpec destroyed with lock count 3
23:37:10 Class Cargo1 destroyed with lock count 3
23:37:10 Class TransportWeapons destroyed with lock count 3
23:37:10 Class TransportMagazines destroyed with lock count 3
23:37:10 Class SoundEnvironExt destroyed with lock count 3
23:37:10 Class SoundEquipment destroyed with lock count 3
23:37:10 Class SoundGear destroyed with lock count 3
23:37:10 Class SoundBreath destroyed with lock count 3
23:37:10 Class SoundBreathSwimming destroyed with lock count 3
23:37:10 Class SoundBreathInjured destroyed with lock count 3
23:37:10 Class SoundHitScream destroyed with lock count 3
23:37:10 Class SoundInjured destroyed with lock count 3
23:37:10 Class SoundBreathAutomatic destroyed with lock count 3
23:37:10 Class SoundDrown destroyed with lock count 3
23:37:10 Class SoundChoke destroyed with lock count 3
23:37:10 Class SoundRecovered destroyed with lock count 3
23:37:10 Class SoundBurning destroyed with lock count 3
23:37:10 Class PulsationSound destroyed with lock count 3
23:37:10 Class SoundDrowning destroyed with lock count 3
23:37:10 Class Reflectors destroyed with lock count 3
23:37:10 Class FxExplo destroyed with lock count 3
23:37:10 Class AnimationSources destroyed with lock count 3
23:37:10 Class GunFire destroyed with lock count 3
23:37:10 Class GunClouds destroyed with lock count 3
23:37:10 Class MGunClouds destroyed with lock count 3
23:37:10 Class Damage destroyed with lock count 3
23:37:10 Class DestructionEffects destroyed with lock count 3
23:37:10 Class Light1 destroyed with lock count 3
23:37:10 Class Smoke1 destroyed with lock count 3
23:37:10 Class Fire1 destroyed with lock count 3
23:37:10 Class Sparks1 destroyed with lock count 3
23:37:10 Class Sound destroyed with lock count 3
23:37:10 Class Light2 destroyed with lock count 3
23:37:10 Class Fire2 destroyed with lock count 3
23:37:10 Class Smoke1_2 destroyed with lock count 3
23:37:10 Class camShakeGForce destroyed with lock count 3
23:37:10 Class camShakeDamage destroyed with lock count 3
23:37:10 Class SpeechVariants destroyed with lock count 3
23:37:10 Class Default destroyed with lock count 3
23:37:10 Class Static destroyed with lock count 2
23:37:10 Class DestructionEffects destroyed with lock count 2
23:37:10 Class EventHandlers destroyed with lock count 2
23:37:10 Class CBA_Extended_EventHandlers destroyed with lock count 2
23:37:10 Class CBA_NamespaceDummy destroyed with lock count 1
23:37:11 Class CBA_Extended_EventHandlers_base destroyed with lock count 3
